"x","y_y0","u"
 7.500000000E-01, 0.000000000E+00, 0.000000000E+00
 7.500000000E-01, 4.962086564E-07, 4.320778884E-03
 7.500000000E-01, 9.916723229E-07, 8.643341251E-03
 7.500000000E-01, 1.487135933E-06, 1.296944730E-02
 7.500000000E-01, 1.982599542E-06, 1.730085723E-02
 7.500000000E-01, 2.478063152E-06, 2.163933404E-02
 7.500000000E-01, 2.977252052E-06, 2.598664351E-02
 7.500000000E-01, 3.476440952E-06, 3.034454770E-02
 7.500000000E-01, 3.975629625E-06, 3.471482545E-02
 7.500000000E-01, 4.478543815E-06, 3.909924999E-02
 7.500000000E-01, 4.981458005E-06, 4.349959642E-02
 7.500000000E-01, 5.488097486E-06, 4.791764542E-02
 7.500000000E-01, 5.998462257E-06, 5.235518888E-02
 7.500000000E-01, 6.508827028E-06, 5.681401491E-02
 7.500000000E-01, 7.022917089E-06, 6.129590422E-02
 7.500000000E-01, 7.537007150E-06, 6.580266356E-02
 7.500000000E-01, 8.058547792E-06, 7.033608854E-02
 7.500000000E-01, 8.580088434E-06, 7.489795238E-02
 7.500000000E-01, 9.105354366E-06, 7.949006557E-02
 7.500000000E-01, 9.638070878E-06, 8.411420137E-02
 7.500000000E-01, 1.017078739E-05, 8.877214789E-02
 7.500000000E-01, 1.070722919E-05, 9.346567094E-02
 7.500000000E-01, 1.125112158E-05, 9.819652140E-02
 7.500000000E-01, 1.179873925E-05, 1.029664278E-01
 7.500000000E-01, 1.235008222E-05, 1.077771112E-01
 7.500000000E-01, 1.290515047E-05, 1.126302630E-01
 7.500000000E-01, 1.346766931E-05, 1.175275072E-01
 7.500000000E-01, 1.403391343E-05, 1.224704608E-01
 7.500000000E-01, 1.460760814E-05, 1.274606735E-01
 7.500000000E-01, 1.518502813E-05, 1.324996352E-01
 7.500000000E-01, 1.576989962E-05, 1.375887692E-01
 7.500000000E-01, 1.636222078E-05, 1.427293867E-01
 7.500000000E-01, 1.696199251E-05, 1.479227394E-01
 7.500000000E-01, 1.756548954E-05, 1.531699449E-01
 7.500000000E-01, 1.818016244E-05, 1.584720165E-01
 7.500000000E-01, 1.879856063E-05, 1.638297886E-01
 7.500000000E-01, 1.942440940E-05, 1.692439765E-01
 7.500000000E-01, 2.006143404E-05, 1.747150719E-01
 7.500000000E-01, 2.070590926E-05, 1.802434474E-01
 7.500000000E-01, 2.135783507E-05, 1.858291626E-01
 7.500000000E-01, 2.201721145E-05, 1.914721280E-01
 7.500000000E-01, 2.268776370E-05, 1.971719563E-01
 7.500000000E-01, 2.336576654E-05, 2.029280365E-01
 7.500000000E-01, 2.405494524E-05, 2.087394297E-01
 7.500000000E-01, 2.475157453E-05, 2.146049589E-01
 7.500000000E-01, 2.545937969E-05, 2.205231041E-01
 7.500000000E-01, 2.617836071E-05, 2.264920622E-01
 7.500000000E-01, 2.690851761E-05, 2.325097173E-01
 7.500000000E-01, 2.764612509E-05, 2.385736257E-01
 7.500000000E-01, 2.839863373E-05, 2.446811050E-01
 7.500000000E-01, 2.916231824E-05, 2.508291304E-01
 7.500000000E-01, 2.993717862E-05, 2.570144236E-01
 7.500000000E-01, 3.072321488E-05, 2.632334828E-01
 7.500000000E-01, 3.152042700E-05, 2.694826126E-01
 7.500000000E-01, 3.233254029E-05, 2.757578194E-01
 7.500000000E-01, 3.315955473E-05, 2.820551097E-01
 7.500000000E-01, 3.399774505E-05, 2.883702815E-01
 7.500000000E-01, 3.485083653E-05, 2.946990728E-01
 7.500000000E-01, 3.571882917E-05, 3.010372519E-01
 7.500000000E-01, 3.659799768E-05, 3.073804975E-01
 7.500000000E-01, 3.749579264E-05, 3.137246072E-01
 7.500000000E-01, 3.840848876E-05, 3.200654387E-01
 7.500000000E-01, 3.933236076E-05, 3.263989985E-01
 7.500000000E-01, 4.027858449E-05, 3.327213824E-01
 7.500000000E-01, 4.123598410E-05, 3.390288651E-01
 7.500000000E-01, 4.221201016E-05, 3.453180194E-01
 7.500000000E-01, 4.320666267E-05, 3.515855372E-01
 7.500000000E-01, 4.421621634E-05, 3.578283489E-01
 7.500000000E-01, 4.524812175E-05, 3.640436232E-01
 7.500000000E-01, 4.629492832E-05, 3.702287972E-01
 7.500000000E-01, 4.736036135E-05, 3.763815165E-01
 7.500000000E-01, 4.844442083E-05, 3.824996948E-01
 7.500000000E-01, 4.955083205E-05, 3.885815144E-01
 7.500000000E-01, 5.067586972E-05, 3.946253061E-01
 7.500000000E-01, 5.182325913E-05, 4.006296694E-01
 7.500000000E-01, 5.298927499E-05, 4.065934122E-01
 7.500000000E-01, 5.417764260E-05, 4.125155807E-01
 7.500000000E-01, 5.538836194E-05, 4.183954000E-01
 7.500000000E-01, 5.662143303E-05, 4.242321551E-01
 7.500000000E-01, 5.787685586E-05, 4.300271273E-01
 7.500000000E-01, 5.915835573E-05, 4.357841313E-01
 7.500000000E-01, 6.046220733E-05, 4.415064156E-01
 7.500000000E-01, 6.178840704E-05, 4.471944571E-01
 7.500000000E-01, 6.314441271E-05, 4.528476298E-01
 7.500000000E-01, 6.452277012E-05, 4.584650397E-01
 7.500000000E-01, 6.592720456E-05, 4.640460610E-01
 7.500000000E-01, 6.736144132E-05, 4.695900083E-01
 7.500000000E-01, 6.882175512E-05, 4.750961661E-01
 7.500000000E-01, 7.030814595E-05, 4.805642068E-01
 7.500000000E-01, 7.182433910E-05, 4.859936237E-01
 7.500000000E-01, 7.337033458E-05, 4.913840890E-01
 7.500000000E-01, 7.494613237E-05, 4.967353940E-01
 7.500000000E-01, 7.655173249E-05, 5.020472407E-01
 7.500000000E-01, 7.818713493E-05, 5.073196292E-01
 7.500000000E-01, 7.985606499E-05, 5.125523806E-01
 7.500000000E-01, 8.155852265E-05, 5.177456737E-01
 7.500000000E-01, 8.329078264E-05, 5.228993893E-01
 7.500000000E-01, 8.506029553E-05, 5.280138254E-01
 7.500000000E-01, 8.686333604E-05, 5.330890417E-01
 7.500000000E-01, 8.869990415E-05, 5.381252170E-01
 7.500000000E-01, 9.057745046E-05, 5.431227088E-01
 7.500000000E-01, 9.248852439E-05, 5.480818152E-01
 7.500000000E-01, 9.443685121E-05, 5.530028939E-01
 7.500000000E-01, 9.642243094E-05, 5.578863621E-01
 7.500000000E-01, 9.844898887E-05, 5.627325177E-01
 7.500000000E-01, 1.005165250E-04, 5.675420165E-01
 7.500000000E-01, 1.026250393E-04, 5.723152161E-01
 7.500000000E-01, 1.047708065E-04, 5.770525932E-01
 7.500000000E-01, 1.069650025E-04, 5.817547441E-01
 7.500000000E-01, 1.092001767E-04, 5.864221454E-01
 7.500000000E-01, 1.114800543E-04, 5.910554528E-01
 7.500000000E-01, 1.138046355E-04, 5.956552029E-01
 7.500000000E-01, 1.161739201E-04, 6.002219319E-01
 7.500000000E-01, 1.185953588E-04, 6.047562957E-01
 7.500000000E-01, 1.210615010E-04, 6.092588902E-01
 7.500000000E-01, 1.235760719E-04, 6.137304902E-01
 7.500000000E-01, 1.261427969E-04, 6.181715131E-01
 7.500000000E-01, 1.287616760E-04, 6.225826740E-01
 7.500000000E-01, 1.314289839E-04, 6.269646287E-01
 7.500000000E-01, 1.341558964E-04, 6.313180923E-01
 7.500000000E-01, 1.369312376E-04, 6.356436014E-01
 7.500000000E-01, 1.397661836E-04, 6.399419308E-01
 7.500000000E-01, 1.426570088E-04, 6.442135572E-01
 7.500000000E-01, 1.456037135E-04, 6.484592557E-01
 7.500000000E-01, 1.486137480E-04, 6.526796818E-01
 7.500000000E-01, 1.516796619E-04, 6.568754911E-01
 7.500000000E-01, 1.548126311E-04, 6.610472202E-01
 7.500000000E-01, 1.580052049E-04, 6.651956439E-01
 7.500000000E-01, 1.612611086E-04, 6.693212986E-01
 7.500000000E-01, 1.645840675E-04, 6.734248400E-01
 7.500000000E-01, 1.679740817E-04, 6.775068641E-01
 7.500000000E-01, 1.714311511E-04, 6.815680861E-01
 7.500000000E-01, 1.749590010E-04, 6.856091619E-01
 7.500000000E-01, 1.785576314E-04, 6.896305084E-01
 7.500000000E-01, 1.822307677E-04, 6.936328411E-01
 7.500000000E-01, 1.859746844E-04, 6.976166964E-01
 7.500000000E-01, 1.897968323E-04, 7.015827298E-01
 7.500000000E-01, 1.936972112E-04, 7.055315375E-01
 7.500000000E-01, 1.976720960E-04, 7.094635963E-01
 7.500000000E-01, 2.017326624E-04, 7.133796215E-01
 7.500000000E-01, 2.058714599E-04, 7.172799110E-01
 7.500000000E-01, 2.100959391E-04, 7.211652994E-01
 7.500000000E-01, 2.144023747E-04, 7.250362039E-01
 7.500000000E-01, 2.188019425E-04, 7.288931012E-01
 7.500000000E-01, 2.232871921E-04, 7.327365875E-01
 7.500000000E-01, 2.278618485E-04, 7.365671992E-01
 7.500000000E-01, 2.325296373E-04, 7.403854728E-01
 7.500000000E-01, 2.372942836E-04, 7.441916466E-01
 7.500000000E-01, 2.421557874E-04, 7.479865551E-01
 7.500000000E-01, 2.471141634E-04, 7.517704368E-01
 7.500000000E-01, 2.521731076E-04, 7.555438876E-01
 7.500000000E-01, 2.573326346E-04, 7.593073249E-01
 7.500000000E-01, 2.626001951E-04, 7.630612254E-01
 7.500000000E-01, 2.679720637E-04, 7.668060660E-01
 7.500000000E-01, 2.734556911E-04, 7.705422044E-01
 7.500000000E-01, 2.790473518E-04, 7.742699981E-01
 7.500000000E-01, 2.847544965E-04, 7.779901624E-01
 7.500000000E-01, 2.905771253E-04, 7.817026973E-01
 7.500000000E-01, 2.965189633E-04, 7.854084373E-01
 7.500000000E-01, 3.025800106E-04, 7.891074419E-01
 7.500000000E-01, 3.087639925E-04, 7.928002477E-01
 7.500000000E-01, 3.150746343E-04, 7.964871526E-01
 7.500000000E-01, 3.215119359E-04, 8.001685739E-01
 7.500000000E-01, 3.280796227E-04, 8.038448095E-01
 7.500000000E-01, 3.347814200E-04, 8.075162768E-01
 7.500000000E-01, 3.416210529E-04, 8.111833334E-01
 7.500000000E-01, 3.485985217E-04, 8.148461580E-01
 7.500000000E-01, 3.557175514E-04, 8.185051680E-01
 7.500000000E-01, 3.629818675E-04, 8.221606016E-01
 7.500000000E-01, 3.703951952E-04, 8.258129358E-01
 7.500000000E-01, 3.779575345E-04, 8.294623494E-01
 7.500000000E-01, 3.856726107E-04, 8.331089616E-01
 7.500000000E-01, 3.935478744E-04, 8.367532492E-01
 7.500000000E-01, 4.015796003E-04, 8.403953910E-01
 7.500000000E-01, 4.097752389E-04, 8.440356851E-01
 7.500000000E-01, 4.181385157E-04, 8.476742506E-01
 7.500000000E-01, 4.266731557E-04, 8.513113260E-01
 7.500000000E-01, 4.353791592E-04, 8.549471498E-01
 7.500000000E-01, 4.442639765E-04, 8.585820794E-01
 7.500000000E-01, 4.533276078E-04, 8.622159958E-01
 7.500000000E-01, 4.625775036E-04, 8.658492565E-01
 7.500000000E-01, 4.720136640E-04, 8.694819808E-01
 7.500000000E-01, 4.816435394E-04, 8.731144667E-01
 7.500000000E-01, 4.914671299E-04, 8.767466545E-01
 7.500000000E-01, 5.014918861E-04, 8.803786635E-01
 7.500000000E-01, 5.117215333E-04, 8.840106726E-01
 7.500000000E-01, 5.221597967E-04, 8.876428008E-01
 7.500000000E-01, 5.328104016E-04, 8.912751079E-01
 7.500000000E-01, 5.436733481E-04, 8.949075937E-01
 7.500000000E-01, 5.547635374E-04, 8.985403776E-01
 7.500000000E-01, 5.660772440E-04, 9.021734595E-01
 7.500000000E-01, 5.776181933E-04, 9.058068991E-01
 7.500000000E-01, 5.893975613E-04, 9.094406366E-01
 7.500000000E-01, 6.014153478E-04, 9.130747318E-01
 7.500000000E-01, 6.136790034E-04, 9.167090058E-01
 7.500000000E-01, 6.261922535E-04, 9.203435779E-01
 7.500000000E-01, 6.389588234E-04, 9.239782095E-01
 7.500000000E-01, 6.519861636E-04, 9.276129603E-01
 7.500000000E-01, 6.652779994E-04, 9.312476516E-01
 7.500000000E-01, 6.788380560E-04, 9.348822236E-01
 7.500000000E-01, 6.926775095E-04, 9.385163784E-01
 7.500000000E-01, 7.068000850E-04, 9.421500564E-01
 7.500000000E-01, 7.212057826E-04, 9.457830787E-01
 7.500000000E-01, 7.359095034E-04, 9.494151473E-01
 7.500000000E-01, 7.509112475E-04, 9.530460238E-01
 7.500000000E-01, 7.662147400E-04, 9.566754699E-01
 7.500000000E-01, 7.818348822E-04, 9.603033662E-01
 7.500000000E-01, 7.977716741E-04, 9.639291763E-01
 7.500000000E-01, 8.140288410E-04, 9.675525427E-01
 7.500000000E-01, 8.306212840E-04, 9.711732864E-01
 7.500000000E-01, 8.475527284E-04, 9.747909307E-01
 7.500000000E-01, 8.648268995E-04, 9.784049392E-01
 7.500000000E-01, 8.824512479E-04, 9.820150733E-01
 7.500000000E-01, 9.004369495E-04, 9.856207967E-01
 7.500000000E-01, 9.187877295E-04, 9.892215133E-01
 7.500000000E-01, 9.375147638E-04, 9.928166866E-01
 7.500000000E-01, 9.566217777E-04, 9.964060187E-01
 7.500000000E-01, 9.761162219E-04, 9.999885559E-01
 7.500000000E-01, 9.960092138E-04, 1.003564000E+00
 7.500000000E-01, 1.016304595E-03, 1.007131457E+00
 7.500000000E-01, 1.037017209E-03, 1.010690331E+00
 7.500000000E-01, 1.058150781E-03, 1.014239907E+00
 7.500000000E-01, 1.079712762E-03, 1.017779469E+00
 7.500000000E-01, 1.101718051E-03, 1.021308184E+00
 7.500000000E-01, 1.124166651E-03, 1.024825335E+00
 7.500000000E-01, 1.147073461E-03, 1.028329849E+00
 7.500000000E-01, 1.170449657E-03, 1.031821132E+00
 7.500000000E-01, 1.194298966E-03, 1.035298347E+00
 7.500000000E-01, 1.218636287E-03, 1.038760185E+00
 7.500000000E-01, 1.243469073E-03, 1.042205930E+00
 7.500000000E-01, 1.268808497E-03, 1.045634627E+00
 7.500000000E-01, 1.294662012E-03, 1.049045205E+00
 7.500000000E-01, 1.321040792E-03, 1.052436471E+00
 7.500000000E-01, 1.347959740E-03, 1.055807829E+00
 7.500000000E-01, 1.375426305E-03, 1.059157729E+00
 7.500000000E-01, 1.403451664E-03, 1.062485337E+00
 7.500000000E-01, 1.432050718E-03, 1.065789580E+00
 7.500000000E-01, 1.461227192E-03, 1.069069266E+00
 7.500000000E-01, 1.491003437E-03, 1.072323203E+00
 7.500000000E-01, 1.521383179E-03, 1.075550675E+00
 7.500000000E-01, 1.552381320E-03, 1.078750253E+00
 7.500000000E-01, 1.584012760E-03, 1.081920981E+00
 7.500000000E-01, 1.616288675E-03, 1.085061789E+00
 7.500000000E-01, 1.649220241E-03, 1.088171840E+00
 7.500000000E-01, 1.682822360E-03, 1.091250181E+00
 7.500000000E-01, 1.717109932E-03, 1.094295621E+00
 7.500000000E-01, 1.752097858E-03, 1.097307563E+00
 7.500000000E-01, 1.787797315E-03, 1.100285172E+00
 7.500000000E-01, 1.824223204E-03, 1.103227615E+00
 7.500000000E-01, 1.861390425E-03, 1.106134534E+00
 7.500000000E-01, 1.899313880E-03, 1.109005332E+00
 7.500000000E-01, 1.938012196E-03, 1.111839414E+00
 7.500000000E-01, 1.977500273E-03, 1.114636540E+00
 7.500000000E-01, 2.017789287E-03, 1.117396474E+00
 7.500000000E-01, 2.058901591E-03, 1.120119095E+00
 7.500000000E-01, 2.100852085E-03, 1.122804403E+00
 7.500000000E-01, 2.143655671E-03, 1.125452518E+00
 7.500000000E-01, 2.187330974E-03, 1.128063679E+00
 7.500000000E-01, 2.231892897E-03, 1.130638123E+00
 7.500000000E-01, 2.277367515E-03, 1.133176327E+00
 7.500000000E-01, 2.323766006E-03, 1.135678887E+00
 7.500000000E-01, 2.371110721E-03, 1.138146281E+00
 7.500000000E-01, 2.419420285E-03, 1.140579343E+00
 7.500000000E-01, 2.468713326E-03, 1.142978787E+00
 7.500000000E-01, 2.519012196E-03, 1.145345569E+00
 7.500000000E-01, 2.570335520E-03, 1.147680521E+00
 7.500000000E-01, 2.622701926E-03, 1.149984956E+00
 7.500000000E-01, 2.676137490E-03, 1.152259469E+00
 7.500000000E-01, 2.730660839E-03, 1.154505491E+00
 7.500000000E-01, 2.786294324E-03, 1.156724095E+00
 7.500000000E-01, 2.843060298E-03, 1.158916473E+00
 7.500000000E-01, 2.900984837E-03, 1.161083937E+00
 7.500000000E-01, 2.960086567E-03, 1.163227439E+00
 7.500000000E-01, 3.020395292E-03, 1.165348649E+00
 7.500000000E-01, 3.081933362E-03, 1.167448521E+00
 7.500000000E-01, 3.144723130E-03, 1.169528484E+00
 7.500000000E-01, 3.208790673E-03, 1.171589732E+00
 7.500000000E-01, 3.274165792E-03, 1.173633575E+00
 7.500000000E-01, 3.340874566E-03, 1.175661564E+00
 7.500000000E-01, 3.408939345E-03, 1.177674651E+00
 7.500000000E-01, 3.478389932E-03, 1.179674268E+00
 7.500000000E-01, 3.549256129E-03, 1.181661725E+00
 7.500000000E-01, 3.621567739E-03, 1.183638334E+00
 7.500000000E-01, 3.695350839E-03, 1.185605407E+00
 7.500000000E-01, 3.770638956E-03, 1.187564135E+00
 7.500000000E-01, 3.847458167E-03, 1.189515710E+00
 7.500000000E-01, 3.925845958E-03, 1.191461682E+00
 7.500000000E-01, 4.005827941E-03, 1.193403244E+00
 7.500000000E-01, 4.087441601E-03, 1.195341587E+00
 7.500000000E-01, 4.170713015E-03, 1.197278261E+00
 7.500000000E-01, 4.255686887E-03, 1.199214220E+00
 7.500000000E-01, 4.342389293E-03, 1.201151013E+00
 7.500000000E-01, 4.430857487E-03, 1.203089833E+00
 7.500000000E-01, 4.521128722E-03, 1.205032349E+00
 7.500000000E-01, 4.613240249E-03, 1.206979513E+00
 7.500000000E-01, 4.707225598E-03, 1.208933115E+00
 7.500000000E-01, 4.803125747E-03, 1.210894227E+00
 7.500000000E-01, 4.900981672E-03, 1.212864518E+00
 7.500000000E-01, 5.000830628E-03, 1.214845538E+00
 7.500000000E-01, 5.102713592E-03, 1.216838717E+00
 7.500000000E-01, 5.206671543E-03, 1.218845844E+00
 7.500000000E-01, 5.312749185E-03, 1.220868349E+00
 7.500000000E-01, 5.420987494E-03, 1.222908139E+00
 7.500000000E-01, 5.531431176E-03, 1.224967003E+00
 7.500000000E-01, 5.644121207E-03, 1.227046490E+00
 7.500000000E-01, 5.759109743E-03, 1.229148746E+00
 7.500000000E-01, 5.876441486E-03, 1.231275320E+00
 7.500000000E-01, 5.996164866E-03, 1.233427763E+00
 7.500000000E-01, 6.118324585E-03, 1.235607624E+00
 7.500000000E-01, 6.242972799E-03, 1.237815619E+00
 7.500000000E-01, 6.370161660E-03, 1.240052104E+00
 7.500000000E-01, 6.499943323E-03, 1.242315412E+00
 7.500000000E-01, 6.632366218E-03, 1.244602323E+00
 7.500000000E-01, 6.767489947E-03, 1.246905804E+00
 7.500000000E-01, 6.905362941E-03, 1.249213696E+00
 7.500000000E-01, 7.046048529E-03, 1.251508594E+00
 7.500000000E-01, 7.189598866E-03, 1.253769279E+00
 7.500000000E-01, 7.336073555E-03, 1.255971909E+00
 7.500000000E-01, 7.485532202E-03, 1.258095741E+00
 7.500000000E-01, 7.638034411E-03, 1.260137796E+00
 7.500000000E-01, 7.793643512E-03, 1.262114763E+00
 7.500000000E-01, 7.952426560E-03, 1.264030933E+00
 7.500000000E-01, 8.114439435E-03, 1.265865564E+00
 7.500000000E-01, 8.279756643E-03, 1.267583847E+00
 7.500000000E-01, 8.448441513E-03, 1.269138098E+00
 7.500000000E-01, 8.620561101E-03, 1.270463347E+00
 7.500000000E-01, 8.796186186E-03, 1.271474242E+00
 7.500000000E-01, 8.975395001E-03, 1.272071481E+00
 7.500000000E-01, 9.158250876E-03, 1.272182345E+00
 7.500000000E-01, 9.344832040E-03, 1.271847963E+00
 7.500000000E-01, 9.535213001E-03, 1.271255016E+00
 7.500000000E-01, 9.729475714E-03, 1.270599604E+00
 7.500000000E-01, 9.927694686E-03, 1.269968629E+00
 7.500000000E-01, 1.012995187E-02, 1.269377232E+00
 7.500000000E-01, 1.033632923E-02, 1.268812418E+00
 7.500000000E-01, 1.054691244E-02, 1.268252134E+00
 7.500000000E-01, 1.076178346E-02, 1.267684817E+00
 7.500000000E-01, 1.098103542E-02, 1.267108083E+00
 7.500000000E-01, 1.120475028E-02, 1.266521335E+00
 7.500000000E-01, 1.143302489E-02, 1.265924811E+00
 7.500000000E-01, 1.166595239E-02, 1.265318036E+00
 7.500000000E-01, 1.190362219E-02, 1.264701009E+00
 7.500000000E-01, 1.214613486E-02, 1.264073610E+00
 7.500000000E-01, 1.239358727E-02, 1.263435602E+00
 7.500000000E-01, 1.264608372E-02, 1.262786984E+00
 7.500000000E-01, 1.290372480E-02, 1.262127519E+00
 7.500000000E-01, 1.316661108E-02, 1.261457086E+00
 7.500000000E-01, 1.343485434E-02, 1.260775685E+00
 7.500000000E-01, 1.370855886E-02, 1.260082960E+00
 7.500000000E-01, 1.398784388E-02, 1.259378910E+00
 7.500000000E-01, 1.427282114E-02, 1.258663416E+00
 7.500000000E-01, 1.456360240E-02, 1.257936358E+00
 7.500000000E-01, 1.486030687E-02, 1.257197380E+00
 7.500000000E-01, 1.516305376E-02, 1.256446719E+00
 7.500000000E-01, 1.547196973E-02, 1.255683899E+00
 7.500000000E-01, 1.578718051E-02, 1.254909039E+00
 7.500000000E-01, 1.610881463E-02, 1.254121900E+00
 7.500000000E-01, 1.643699780E-02, 1.253322363E+00
 7.500000000E-01, 1.677187160E-02, 1.252510309E+00
 7.500000000E-01, 1.711356267E-02, 1.251685619E+00
 7.500000000E-01, 1.746221259E-02, 1.250848055E+00
 7.500000000E-01, 1.781797037E-02, 1.249997735E+00
 7.500000000E-01, 1.818097755E-02, 1.249134421E+00
 7.500000000E-01, 1.855138317E-02, 1.248257995E+00
 7.500000000E-01, 1.892932877E-02, 1.247368217E+00
 7.500000000E-01, 1.931497827E-02, 1.246465087E+00
 7.500000000E-01, 1.970848069E-02, 1.245548487E+00
 7.500000000E-01, 2.010999992E-02, 1.244618416E+00
 7.500000000E-01, 2.051969990E-02, 1.243674517E+00
 7.500000000E-01, 2.093774453E-02, 1.242716908E+00
 7.500000000E-01, 2.136431262E-02, 1.241745472E+00
 7.500000000E-01, 2.179956809E-02, 1.240759969E+00
 7.500000000E-01, 2.224368975E-02, 1.239760280E+00
 7.500000000E-01, 2.269686386E-02, 1.238746643E+00
 7.500000000E-01, 2.315926179E-02, 1.237718582E+00
 7.500000000E-01, 2.363108471E-02, 1.236676216E+00
 7.500000000E-01, 2.411251888E-02, 1.235619426E+00
 7.500000000E-01, 2.460376546E-02, 1.234548092E+00
 7.500000000E-01, 2.510501817E-02, 1.233462334E+00
 7.500000000E-01, 2.561648563E-02, 1.232361794E+00
 7.500000000E-01, 2.613836899E-02, 1.231246710E+00
 7.500000000E-01, 2.667088434E-02, 1.230116725E+00
 7.500000000E-01, 2.721424773E-02, 1.228971839E+00
 7.500000000E-01, 2.776868269E-02, 1.227812290E+00
 7.500000000E-01, 2.833441272E-02, 1.226637840E+00
 7.500000000E-01, 2.891167626E-02, 1.225448370E+00
 7.500000000E-01, 2.950068936E-02, 1.224243999E+00
 7.500000000E-01, 3.010170534E-02, 1.223024487E+00
 7.500000000E-01, 3.071497008E-02, 1.221790195E+00
 7.500000000E-01, 3.134072199E-02, 1.220540762E+00
 7.500000000E-01, 3.197922930E-02, 1.219276428E+00
 7.500000000E-01, 3.263073787E-02, 1.217996836E+00
 7.500000000E-01, 3.329552338E-02, 1.216702461E+00
 7.500000000E-01, 3.397385404E-02, 1.215393066E+00
 7.500000000E-01, 3.466600552E-02, 1.214068651E+00
 7.500000000E-01, 3.537225351E-02, 1.212729335E+00
 7.500000000E-01, 3.609288856E-02, 1.211375117E+00
 7.500000000E-01, 3.682820871E-02, 1.210006118E+00
 7.500000000E-01, 3.757851198E-02, 1.208622336E+00
 7.500000000E-01, 3.834409639E-02, 1.207223892E+00
 7.500000000E-01, 3.912528232E-02, 1.205810666E+00
 7.500000000E-01, 3.992238268E-02, 1.204382896E+00
 7.500000000E-01, 4.073571786E-02, 1.202940822E+00
 7.500000000E-01, 4.156563058E-02, 1.201484203E+00
 7.500000000E-01, 4.241244122E-02, 1.200013518E+00
 7.500000000E-01, 4.327650741E-02, 1.198528528E+00
 7.500000000E-01, 4.415817931E-02, 1.197029591E+00
 7.500000000E-01, 4.505781457E-02, 1.195516825E+00
 7.500000000E-01, 4.597577825E-02, 1.193990350E+00
 7.500000000E-01, 4.691244289E-02, 1.192450285E+00
 7.500000000E-01, 4.786818847E-02, 1.190896869E+00
 7.500000000E-01, 4.884340242E-02, 1.189330220E+00
 7.500000000E-01, 4.983849451E-02, 1.187750578E+00
 7.500000000E-01, 5.085385218E-02, 1.186158180E+00
 7.500000000E-01, 5.188989267E-02, 1.184553027E+00
 7.500000000E-01, 5.294704810E-02, 1.182935715E+00
 7.500000000E-01, 5.402573571E-02, 1.181306124E+00
 7.500000000E-01, 5.512640253E-02, 1.179664731E+00
 7.500000000E-01, 5.624948815E-02, 1.178011656E+00
 7.500000000E-01, 5.739546195E-02, 1.176347136E+00
 7.500000000E-01, 5.856477842E-02, 1.174671531E+00
 7.500000000E-01, 5.975791439E-02, 1.172985315E+00
 7.500000000E-01, 6.097536162E-02, 1.171288371E+00
 7.500000000E-01, 6.221761182E-02, 1.169581294E+00
 7.500000000E-01, 6.348517537E-02, 1.167864323E+00
 7.500000000E-01, 6.477855146E-02, 1.166137815E+00
 7.500000000E-01, 6.609828770E-02, 1.164402127E+00
 7.500000000E-01, 6.744490564E-02, 1.162657619E+00
 7.500000000E-01, 6.881895661E-02, 1.160904527E+00
 7.500000000E-01, 7.022100687E-02, 1.159143329E+00
 7.500000000E-01, 7.165161520E-02, 1.157374501E+00
 7.500000000E-01, 7.311137766E-02, 1.155598164E+00
 7.500000000E-01, 7.460086793E-02, 1.153815150E+00
 7.500000000E-01, 7.612071931E-02, 1.152025342E+00
 7.500000000E-01, 7.767151296E-02, 1.150229573E+00
 7.500000000E-01, 7.925391197E-02, 1.148428082E+00
 7.500000000E-01, 8.086855710E-02, 1.146621346E+00
 7.500000000E-01, 8.251608908E-02, 1.144809842E+00
 7.500000000E-01, 8.419719338E-02, 1.142994165E+00
 7.500000000E-01, 8.591254056E-02, 1.141174436E+00
 7.500000000E-01, 8.766283095E-02, 1.139351368E+00
 7.500000000E-01, 8.944877982E-02, 1.137525439E+00
 7.500000000E-01, 9.127111733E-02, 1.135697126E+00
 7.500000000E-01, 9.313058853E-02, 1.133866787E+00
 7.500000000E-01, 9.502793849E-02, 1.132035136E+00
 7.500000000E-01, 9.696392715E-02, 1.130202532E+00
 7.500000000E-01, 9.893937409E-02, 1.128369570E+00
 7.500000000E-01, 1.009550691E-01, 1.126536608E+00
 7.500000000E-01, 1.030118167E-01, 1.124704361E+00
 7.500000000E-01, 1.051104814E-01, 1.122873306E+00
 7.500000000E-01, 1.072518975E-01, 1.121043921E+00
 7.500000000E-01, 1.094369292E-01, 1.119216800E+00
 7.500000000E-01, 1.116664857E-01, 1.117392421E+00
 7.500000000E-01, 1.139414757E-01, 1.115571380E+00
 7.500000000E-01, 1.162627935E-01, 1.113754034E+00
 7.500000000E-01, 1.186314225E-01, 1.111941218E+00
 7.500000000E-01, 1.210482866E-01, 1.110133290E+00
 7.500000000E-01, 1.235143989E-01, 1.108330846E+00
 7.500000000E-01, 1.260307580E-01, 1.106534362E+00
 7.500000000E-01, 1.285983771E-01, 1.104744434E+00
 7.500000000E-01, 1.312183142E-01, 1.102961659E+00
 7.500000000E-01, 1.338916272E-01, 1.101186395E+00
 7.500000000E-01, 1.366193891E-01, 1.099419236E+00
 7.500000000E-01, 1.394027323E-01, 1.097660899E+00
 7.500000000E-01, 1.422427893E-01, 1.095911622E+00
 7.500000000E-01, 1.451406926E-01, 1.094172120E+00
 7.500000000E-01, 1.480976492E-01, 1.092442751E+00
 7.500000000E-01, 1.511148363E-01, 1.090724230E+00
 7.500000000E-01, 1.541934907E-01, 1.089016795E+00
 7.500000000E-01, 1.573348790E-01, 1.087321162E+00
 7.500000000E-01, 1.605402529E-01, 1.085637689E+00
 7.500000000E-01, 1.638109386E-01, 1.083966970E+00
 7.500000000E-01, 1.671482474E-01, 1.082309246E+00
 7.500000000E-01, 1.705535650E-01, 1.080665231E+00
 7.500000000E-01, 1.740282476E-01, 1.079035282E+00
 7.500000000E-01, 1.775737107E-01, 1.077419639E+00
 7.500000000E-01, 1.811914295E-01, 1.075819016E+00
 7.500000000E-01, 1.848828346E-01, 1.074233651E+00
 7.500000000E-01, 1.886494458E-01, 1.072664022E+00
 7.500000000E-01, 1.924927980E-01, 1.071110487E+00
 7.500000000E-01, 1.964144409E-01, 1.069573522E+00
 7.500000000E-01, 2.004159838E-01, 1.068053246E+00
 7.500000000E-01, 2.044990510E-01, 1.066550136E+00
 7.500000000E-01, 2.086653262E-01, 1.065064549E+00
 7.500000000E-01, 2.129164487E-01, 1.063596845E+00
 7.500000000E-01, 2.172542065E-01, 1.062147260E+00
 7.500000000E-01, 2.216802984E-01, 1.060716033E+00
 7.500000000E-01, 2.261966020E-01, 1.059303403E+00
 7.500000000E-01, 2.308049053E-01, 1.057909846E+00
 7.500000000E-01, 2.355070859E-01, 1.056535363E+00
 7.500000000E-01, 2.403050512E-01, 1.055180311E+00
 7.500000000E-01, 2.452007979E-01, 1.053844929E+00
 7.500000000E-01, 2.501962483E-01, 1.052529097E+00
 7.500000000E-01, 2.552934885E-01, 1.051233530E+00
 7.500000000E-01, 2.604945600E-01, 1.049957752E+00
 7.500000000E-01, 2.658016384E-01, 1.048702359E+00
 7.500000000E-01, 2.712168097E-01, 1.047467351E+00
 7.500000000E-01, 2.767422795E-01, 1.046252728E+00
 7.500000000E-01, 2.823803425E-01, 1.045058727E+00
 7.500000000E-01, 2.881332934E-01, 1.043885231E+00
 7.500000000E-01, 2.940034270E-01, 1.042732596E+00
 7.500000000E-01, 2.999931276E-01, 1.041600466E+00
 7.500000000E-01, 3.061048985E-01, 1.040489197E+00
 7.500000000E-01, 3.123411536E-01, 1.039398551E+00
 7.500000000E-01, 3.187044859E-01, 1.038328767E+00
 7.500000000E-01, 3.251974285E-01, 1.037279606E+00
 7.500000000E-01, 3.318226933E-01, 1.036251068E+00
 7.500000000E-01, 3.385829031E-01, 1.035243034E+00
 7.500000000E-01, 3.454808295E-01, 1.034255624E+00
 7.500000000E-01, 3.525193036E-01, 1.033288479E+00
 7.500000000E-01, 3.597011864E-01, 1.032341719E+00
 7.500000000E-01, 3.670293689E-01, 1.031415343E+00
 7.500000000E-01, 3.745068610E-01, 1.030508995E+00
 7.500000000E-01, 3.821366727E-01, 1.029622436E+00
 7.500000000E-01, 3.899219334E-01, 1.028755784E+00
 7.500000000E-01, 3.978658020E-01, 1.027908683E+00
 7.500000000E-01, 4.059715271E-01, 1.027081013E+00
 7.500000000E-01, 4.142423570E-01, 1.026272655E+00
 7.500000000E-01, 4.226817191E-01, 1.025483251E+00
 7.500000000E-01, 4.312930107E-01, 1.024712801E+00
 7.500000000E-01, 4.400797188E-01, 1.023960948E+00
 7.500000000E-01, 4.490454495E-01, 1.023227572E+00
 7.500000000E-01, 4.581938386E-01, 1.022512197E+00
 7.500000000E-01, 4.675286412E-01, 1.021814942E+00
 7.500000000E-01, 4.770535827E-01, 1.021135330E+00
 7.500000000E-01, 4.867725968E-01, 1.020473123E+00
 7.500000000E-01, 4.966895580E-01, 1.019828081E+00
 7.500000000E-01, 5.068086386E-01, 1.019199967E+00
 7.500000000E-01, 5.171338320E-01, 1.018588543E+00
 7.500000000E-01, 5.276693702E-01, 1.017993450E+00
 7.500000000E-01, 5.384196043E-01, 1.017414451E+00
 7.500000000E-01, 5.493887663E-01, 1.016851306E+00
 7.500000000E-01, 5.605814457E-01, 1.016303539E+00
 7.500000000E-01, 5.720021725E-01, 1.015771031E+00
 7.500000000E-01, 5.836555958E-01, 1.015253544E+00
 7.500000000E-01, 5.955463648E-01, 1.014750719E+00
 7.500000000E-01, 6.076794267E-01, 1.014262199E+00
 7.500000000E-01, 6.200596690E-01, 1.013787746E+00
 7.500000000E-01, 6.326921582E-01, 1.013327122E+00
 7.500000000E-01, 6.455819607E-01, 1.012879968E+00
 7.500000000E-01, 6.587343812E-01, 1.012445927E+00
 7.500000000E-01, 6.721547842E-01, 1.012024760E+00
 7.500000000E-01, 6.858485341E-01, 1.011616349E+00
 7.500000000E-01, 6.998213530E-01, 1.011220098E+00
 7.500000000E-01, 7.140787840E-01, 1.010836005E+00
 7.500000000E-01, 7.286266685E-01, 1.010463595E+00
 7.500000000E-01, 7.434709668E-01, 1.010102630E+00
 7.500000000E-01, 7.586176991E-01, 1.009752870E+00
 7.500000000E-01, 7.740730047E-01, 1.009413958E+00
 7.500000000E-01, 7.898432016E-01, 1.009085655E+00
 7.500000000E-01, 8.059346080E-01, 1.008767843E+00
 7.500000000E-01, 8.223538995E-01, 1.008460045E+00
 7.500000000E-01, 8.391076922E-01, 1.008162022E+00
 7.500000000E-01, 8.562028408E-01, 1.007873654E+00
 7.500000000E-01, 8.736462593E-01, 1.007594466E+00
 7.500000000E-01, 8.914450407E-01, 1.007324457E+00
 7.500000000E-01, 9.096063972E-01, 1.007063150E+00
 7.500000000E-01, 9.281377792E-01, 1.006810427E+00
 7.500000000E-01, 9.470467567E-01, 1.006566048E+00
 7.500000000E-01, 9.663408399E-01, 1.006329775E+00
 7.500000000E-01, 9.860281348E-01, 1.006101251E+00
 7.500000000E-01, 1.006116509E+00, 1.005880475E+00
 7.500000000E-01, 1.026614070E+00, 1.005667090E+00
 7.500000000E-01, 1.047529340E+00, 1.005460858E+00
 7.500000000E-01, 1.068870544E+00, 1.005261540E+00
 7.500000000E-01, 1.090646625E+00, 1.005069137E+00
 7.500000000E-01, 1.112866402E+00, 1.004883170E+00
 7.500000000E-01, 1.135538816E+00, 1.004703522E+00
 7.500000000E-01, 1.158673048E+00, 1.004530072E+00
 7.500000000E-01, 1.182278752E+00, 1.004362822E+00
 7.500000000E-01, 1.206365228E+00, 1.004201174E+00
 7.500000000E-01, 1.230942488E+00, 1.004045129E+00
 7.500000000E-01, 1.256020427E+00, 1.003894567E+00
 7.500000000E-01, 1.281609297E+00, 1.003749251E+00
 7.500000000E-01, 1.307719469E+00, 1.003609061E+00
 7.500000000E-01, 1.334361672E+00, 1.003473878E+00
 7.500000000E-01, 1.361546636E+00, 1.003343344E+00
 7.500000000E-01, 1.389285326E+00, 1.003217459E+00
 7.500000000E-01, 1.417589188E+00, 1.003096104E+00
 7.500000000E-01, 1.446469784E+00, 1.002979159E+00
 7.500000000E-01, 1.475938678E+00, 1.002866268E+00
 7.500000000E-01, 1.506007910E+00, 1.002757430E+00
 7.500000000E-01, 1.536689758E+00, 1.002652645E+00
 7.500000000E-01, 1.567996740E+00, 1.002551556E+00
 7.500000000E-01, 1.599941492E+00, 1.002454162E+00
 7.500000000E-01, 1.632537007E+00, 1.002360225E+00
 7.500000000E-01, 1.665796638E+00, 1.002269864E+00
 7.500000000E-01, 1.699733853E+00, 1.002182722E+00
 7.500000000E-01, 1.734362483E+00, 1.002098799E+00
 7.500000000E-01, 1.769696712E+00, 1.002017975E+00
 7.500000000E-01, 1.805750608E+00, 1.001940131E+00
 7.500000000E-01, 1.842539191E+00, 1.001865149E+00
 7.500000000E-01, 1.880077124E+00, 1.001793027E+00
 7.500000000E-01, 1.918379903E+00, 1.001723647E+00
 7.500000000E-01, 1.957463026E+00, 1.001656651E+00
 7.500000000E-01, 1.997342348E+00, 1.001592398E+00
 7.500000000E-01, 2.038034201E+00, 1.001530409E+00
 7.500000000E-01, 2.079555035E+00, 1.001470923E+00
 7.500000000E-01, 2.121921778E+00, 1.001413703E+00
 7.500000000E-01, 2.165151596E+00, 1.001358628E+00
 7.500000000E-01, 2.209262133E+00, 1.001305580E+00
 7.500000000E-01, 2.254271507E+00, 1.001254797E+00
 7.500000000E-01, 2.300197601E+00, 1.001205802E+00
 7.500000000E-01, 2.347059488E+00, 1.001158714E+00
 7.500000000E-01, 2.394876242E+00, 1.001113653E+00
 7.500000000E-01, 2.443666935E+00, 1.001070261E+00
 7.500000000E-01, 2.493451595E+00, 1.001028657E+00
 7.500000000E-01, 2.544250727E+00, 1.000988722E+00
 7.500000000E-01, 2.596084595E+00, 1.000950336E+00
 7.500000000E-01, 2.648974657E+00, 1.000913739E+00
 7.500000000E-01, 2.702942133E+00, 1.000878453E+00
 7.500000000E-01, 2.758009195E+00, 1.000844598E+00
 7.500000000E-01, 2.814198017E+00, 1.000812411E+00
 7.500000000E-01, 2.871531487E+00, 1.000781417E+00
 7.500000000E-01, 2.930033207E+00, 1.000751853E+00
 7.500000000E-01, 2.989726782E+00, 1.000723481E+00
 7.500000000E-01, 3.050636292E+00, 1.000696540E+00
 7.500000000E-01, 3.112786770E+00, 1.000670791E+00
 7.500000000E-01, 3.176203728E+00, 1.000646234E+00
 7.500000000E-01, 3.240912437E+00, 1.000622869E+00
 7.500000000E-01, 3.306939363E+00, 1.000600576E+00
 7.500000000E-01, 3.374311686E+00, 1.000579476E+00
 7.500000000E-01, 3.443056345E+00, 1.000559449E+00
 7.500000000E-01, 3.513201714E+00, 1.000540495E+00
 7.500000000E-01, 3.584775925E+00, 1.000522614E+00
 7.500000000E-01, 3.657808542E+00, 1.000505805E+00
 7.500000000E-01, 3.732329130E+00, 1.000489950E+00
 7.500000000E-01, 3.808367729E+00, 1.000475168E+00
 7.500000000E-01, 3.885955572E+00, 1.000461340E+00
 7.500000000E-01, 3.965123892E+00, 1.000448585E+00
 7.500000000E-01, 4.045905113E+00, 1.000436902E+00
 7.500000000E-01, 4.128332138E+00, 1.000426054E+00
 7.500000000E-01, 4.212438583E+00, 1.000416398E+00
 7.500000000E-01, 4.298258781E+00, 1.000407696E+00
 7.500000000E-01, 4.385827065E+00, 1.000400066E+00
 7.500000000E-01, 4.475179195E+00, 1.000393391E+00
 7.500000000E-01, 4.566351891E+00, 1.000388026E+00
 7.500000000E-01, 4.659382343E+00, 1.000383615E+00
 7.500000000E-01, 4.754307747E+00, 1.000380397E+00
 7.500000000E-01, 4.851167202E+00, 1.000378489E+00
 7.500000000E-01, 4.949999809E+00, 1.000377893E+00