"x","y","omega_nondim","k_nondim"
 7.500000000E-01 ,5.000025034E-02 ,5.123487949E+00 ,5.814537220E-12
 7.500000000E-01, 5.000074208E-02, 9.430969954E-01, 1.608344014E-10
 7.500000000E-01, 5.000124127E-02, 3.312903047E-01, 1.046768450E-09
 7.500000000E-01, 5.000174046E-02, 1.603358984E-01, 3.607499188E-09
 7.500000000E-01, 5.000223219E-02, 9.281831235E-02, 8.971184684E-09
 7.500000000E-01, 5.000273138E-02, 6.004284322E-02, 1.838848718E-08
 7.500000000E-01, 5.000323057E-02, 4.184611142E-02, 3.321139275E-08
 7.500000000E-01, 5.000372976E-02, 3.075408936E-02, 5.488518440E-08
 7.500000000E-01, 5.000422895E-02, 2.351425588E-02, 8.494605197E-08
 7.500000000E-01, 5.000473559E-02, 1.853622496E-02, 1.250217281E-07
 7.500000000E-01, 5.000524223E-02, 1.497055124E-02, 1.768341349E-07
 7.500000000E-01, 5.000574887E-02, 1.233107597E-02, 2.422033276E-07
 7.500000000E-01, 5.000625551E-02, 1.032367721E-02, 3.230524612E-07
 7.500000000E-01, 5.000676960E-02, 8.762119338E-03, 4.214137164E-07
 7.500000000E-01, 5.000728369E-02, 7.523912005E-03, 5.394346090E-07
 7.500000000E-01, 5.000780523E-02, 6.525853649E-03, 6.793851526E-07
 7.500000000E-01, 5.000832677E-02, 5.709846504E-03, 8.436652479E-07
 7.500000000E-01, 5.000884831E-02, 5.034337752E-03, 1.034812158E-06
 7.500000000E-01, 5.000936985E-02, 4.468976520E-03, 1.255509005E-06
 7.500000000E-01, 5.000990629E-02, 3.991183359E-03, 1.508592504E-06
 7.500000000E-01, 5.001044273E-02, 3.583877580E-03, 1.797061032E-06
 7.500000000E-01, 5.001097918E-02, 3.233948257E-03, 2.124083039E-06
 7.500000000E-01, 5.001153052E-02, 2.931197174E-03, 2.493004104E-06
 7.500000000E-01, 5.001208186E-02, 2.667595632E-03, 2.907353974E-06
 7.500000000E-01, 5.001263320E-02, 2.436752664E-03, 3.370853392E-06
 7.500000000E-01, 5.001319200E-02, 2.233531326E-03, 3.887419552E-06
 7.500000000E-01, 5.001375079E-02, 2.053764183E-03, 4.461169283E-06
 7.500000000E-01, 5.001432449E-02, 1.894040499E-03, 5.096422683E-06
 7.500000000E-01, 5.001489818E-02, 1.751548843E-03, 5.797701306E-06
 7.500000000E-01, 5.001547933E-02, 1.623953693E-03, 6.569728157E-06
 7.500000000E-01, 5.001607537E-02, 1.509301946E-03, 7.417421330E-06
 7.500000000E-01, 5.001667142E-02, 1.405950170E-03, 8.345885362E-06
 7.500000000E-01, 5.001726747E-02, 1.312507316E-03, 9.360397598E-06
 7.500000000E-01, 5.001787841E-02, 1.227789093E-03, 1.046639227E-05
 7.500000000E-01, 5.001848936E-02, 1.150782220E-03, 1.166943730E-05
 7.500000000E-01, 5.001911521E-02, 1.080615562E-03, 1.297520066E-05
 7.500000000E-01, 5.001974851E-02, 1.016536029E-03, 1.438942218E-05
 7.500000000E-01, 5.002038181E-02, 9.578905301E-04, 1.591786895E-05
 7.500000000E-01, 5.002103746E-02, 9.041093872E-04, 1.756628262E-05
 7.500000000E-01, 5.002169311E-02, 8.546945173E-04, 1.934032480E-05
 7.500000000E-01, 5.002235621E-02, 8.092081407E-04, 2.124551793E-05
 7.500000000E-01, 5.002303421E-02, 7.672643405E-04, 2.328716073E-05
 7.500000000E-01, 5.002371222E-02, 7.285216707E-04, 2.547026452E-05
 7.500000000E-01, 5.002440512E-02, 6.926769856E-04, 2.779946226E-05
 7.500000000E-01, 5.002510548E-02, 6.594604347E-04, 3.027891944E-05
 7.500000000E-01, 5.002582073E-02, 6.286308635E-04, 3.291224857E-05
 7.500000000E-01, 5.002655089E-02, 5.999725545E-04, 3.570242552E-05
 7.500000000E-01, 5.002728105E-02, 5.732915597E-04, 3.865166946E-05
 7.500000000E-01, 5.002802610E-02, 5.484134890E-04, 4.176141374E-05
 7.500000000E-01, 5.002878606E-02, 5.251811817E-04, 4.503217133E-05
 7.500000000E-01, 5.002955347E-02, 5.034526112E-04, 4.846351658E-05
 7.500000000E-01, 5.003033578E-02, 4.830991966E-04, 5.205400885E-05
 7.500000000E-01, 5.003112555E-02, 4.640046391E-04, 5.580116704E-05
 7.500000000E-01, 5.003193021E-02, 4.460633209E-04, 5.970144412E-05
 7.500000000E-01, 5.003274977E-02, 4.291795194E-04, 6.375023804E-05
 7.500000000E-01, 5.003358424E-02, 4.132662434E-04, 6.794193177E-05
 7.500000000E-01, 5.003443360E-02, 3.982445342E-04, 7.226987509E-05
 7.500000000E-01, 5.003529042E-02, 3.840426507E-04, 7.672653010E-05
 7.500000000E-01, 5.003616214E-02, 3.705954296E-04, 8.130350034E-05
 7.500000000E-01, 5.003705621E-02, 3.578437027E-04, 8.599164721E-05
 7.500000000E-01, 5.003795028E-02, 3.457338025E-04, 9.078117728E-05
 7.500000000E-01, 5.003887415E-02, 3.342169221E-04, 9.566178778E-05
 7.500000000E-01, 5.003981292E-02, 3.232488525E-04, 1.006227831E-04
 7.500000000E-01, 5.004076660E-02, 3.127895179E-04, 1.056531764E-04
 7.500000000E-01, 5.004172772E-02, 3.028025385E-04, 1.107419012E-04
 7.500000000E-01, 5.004271865E-02, 2.932549978E-04, 1.158777886E-04
 7.500000000E-01, 5.004371703E-02, 2.841170062E-04, 1.210498303E-04
 7.500000000E-01, 5.004473776E-02, 2.753615263E-04, 1.262471778E-04
 7.500000000E-01, 5.004577339E-02, 2.669639653E-04, 1.314592955E-04
 7.500000000E-01, 5.004683137E-02, 2.589021460E-04, 1.366760407E-04
 7.500000000E-01, 5.004790425E-02, 2.511558705E-04, 1.418876636E-04
 7.500000000E-01, 5.004900694E-02, 2.437067451E-04, 1.470849966E-04
 7.500000000E-01, 5.005011708E-02, 2.365381515E-04, 1.522593375E-04
 7.500000000E-01, 5.005125701E-02, 2.296348684E-04, 1.574026683E-04
 7.500000000E-01, 5.005240440E-02, 2.229830570E-04, 1.625074947E-04
 7.500000000E-01, 5.005358905E-02, 2.165700716E-04, 1.675669482E-04
 7.500000000E-01, 5.005478859E-02, 2.103843435E-04, 1.725748298E-04
 7.500000000E-01, 5.005601048E-02, 2.044152352E-04, 1.775255369E-04
 7.500000000E-01, 5.005725473E-02, 1.986529678E-04, 1.824140490E-04
 7.500000000E-01, 5.005852133E-02, 1.930861908E-04, 1.872380672E-04
 7.500000000E-01, 5.005981028E-02, 1.877025643E-04, 1.919977949E-04
 7.500000000E-01, 5.006112903E-02, 1.824919891E-04, 1.966913114E-04
 7.500000000E-01, 5.006247014E-02, 1.774462580E-04, 2.013151825E-04
 7.500000000E-01, 5.006383359E-02, 1.725579932E-04, 2.058660029E-04
 7.500000000E-01, 5.006523430E-02, 1.678203989E-04, 2.103406587E-04
 7.500000000E-01, 5.006664991E-02, 1.632272470E-04, 2.147363557E-04
 7.500000000E-01, 5.006809533E-02, 1.587727456E-04, 2.190506639E-04
 7.500000000E-01, 5.006957054E-02, 1.544514962E-04, 2.232814586E-04
 7.500000000E-01, 5.007107556E-02, 1.502585219E-04, 2.274269355E-04
 7.500000000E-01, 5.007259548E-02, 1.461891661E-04, 2.314855519E-04
 7.500000000E-01, 5.007416010E-02, 1.422390487E-04, 2.354561439E-04
 7.500000000E-01, 5.007575452E-02, 1.384040806E-04, 2.393377217E-04
 7.500000000E-01, 5.007737875E-02, 1.346804493E-04, 2.431296161E-04
 7.500000000E-01, 5.007902533E-02, 1.310644584E-04, 2.468313323E-04
 7.500000000E-01, 5.008071661E-02, 1.275527175E-04, 2.504427102E-04
 7.500000000E-01, 5.008243024E-02, 1.241419232E-04, 2.539637208E-04
 7.500000000E-01, 5.008418113E-02, 1.208289978E-04, 2.573945094E-04
 7.500000000E-01, 5.008596182E-02, 1.176109581E-04, 2.607354836E-04
 7.500000000E-01, 5.008778721E-02, 1.144849666E-04, 2.639871091E-04
 7.500000000E-01, 5.008964241E-02, 1.114483166E-04, 2.671501134E-04
 7.500000000E-01, 5.009153485E-02, 1.084983669E-04, 2.702252241E-04
 7.500000000E-01, 5.009346455E-02, 1.056326073E-04, 2.732134308E-04
 7.500000000E-01, 5.009543896E-02, 1.028486076E-04, 2.761157230E-04
 7.500000000E-01, 5.009743571E-02, 1.001440032E-04, 2.789332648E-04
 7.500000000E-01, 5.009949207E-02, 9.751648759E-05, 2.816672204E-04
 7.500000000E-01, 5.010157824E-02, 9.496387793E-05, 2.843188995E-04
 7.500000000E-01, 5.010370165E-02, 9.248402785E-05, 2.868895535E-04
 7.500000000E-01, 5.010586977E-02, 9.007487097E-05, 2.893806377E-04
 7.500000000E-01, 5.010809004E-02, 8.773435547E-05, 2.917935490E-04
 7.500000000E-01, 5.011034012E-02, 8.546054596E-05, 2.941296552E-04
 7.500000000E-01, 5.011264980E-02, 8.325151430E-05, 2.963905281E-04
 7.500000000E-01, 5.011498928E-02, 8.110540512E-05, 2.985775936E-04
 7.500000000E-01, 5.011738837E-02, 7.902039215E-05, 3.006923362E-04
 7.500000000E-01, 5.011983216E-02, 7.699472917E-05, 3.027362691E-04
 7.500000000E-01, 5.012232065E-02, 7.502669177E-05, 3.047108767E-04
 7.500000000E-01, 5.012486875E-02, 7.311459922E-05, 3.066177014E-04
 7.500000000E-01, 5.012746155E-02, 7.125682896E-05, 3.084581112E-04
 7.500000000E-01, 5.013009906E-02, 6.945178029E-05, 3.102336195E-04
 7.500000000E-01, 5.013279617E-02, 6.769792526E-05, 3.119456524E-04
 7.500000000E-01, 5.013555288E-02, 6.599375047E-05, 3.135956358E-04
 7.500000000E-01, 5.013835430E-02, 6.433778617E-05, 3.151849378E-04
 7.500000000E-01, 5.014121532E-02, 6.272860628E-05, 3.167149262E-04
 7.500000000E-01, 5.014413595E-02, 6.116481381E-05, 3.181869106E-04
 7.500000000E-01, 5.014711618E-02, 5.964508455E-05, 3.196022008E-04
 7.500000000E-01, 5.015015602E-02, 5.816807243E-05, 3.209620772E-04
 7.500000000E-01, 5.015325546E-02, 5.673252599E-05, 3.222677042E-04
 7.500000000E-01, 5.015641451E-02, 5.533718286E-05, 3.235203330E-04
 7.500000000E-01, 5.015963316E-02, 5.398084613E-05, 3.247210989E-04
 7.500000000E-01, 5.016292632E-02, 5.266233711E-05, 3.258710494E-04
 7.500000000E-01, 5.016627908E-02, 5.138052074E-05, 3.269713488E-04
 7.500000000E-01, 5.016970634E-02, 5.013428745E-05, 3.280229867E-04
 7.500000000E-01, 5.017320067E-02, 4.892256038E-05, 3.290269815E-04
 7.500000000E-01, 5.017676204E-02, 4.774429544E-05, 3.299842938E-04
 7.500000000E-01, 5.018039793E-02, 4.659847764E-05, 3.308957675E-04
 7.500000000E-01, 5.018410832E-02, 4.548412107E-05, 3.317623923E-04
 7.500000000E-01, 5.018789321E-02, 4.440027260E-05, 3.325849539E-04
 7.500000000E-01, 5.019175261E-02, 4.334600453E-05, 3.333642089E-04
 7.500000000E-01, 5.019569397E-02, 4.232042193E-05, 3.341009724E-04
 7.500000000E-01, 5.019970238E-02, 4.132265167E-05, 3.347960010E-04
 7.500000000E-01, 5.020380765E-02, 4.035184611E-05, 3.354499349E-04
 7.500000000E-01, 5.020798743E-02, 3.940719034E-05, 3.360633855E-04
 7.500000000E-01, 5.021224916E-02, 3.848788765E-05, 3.366370511E-04
 7.500000000E-01, 5.021660775E-02, 3.759317042E-05, 3.371714556E-04
 7.500000000E-01, 5.022104830E-02, 3.672228922E-05, 3.376671812E-04
 7.500000000E-01, 5.022557825E-02, 3.587452375E-05, 3.381246934E-04
 7.500000000E-01, 5.023020506E-02, 3.504917549E-05, 3.385444870E-04
 7.500000000E-01, 5.023491383E-02, 3.424556053E-05, 3.389269987E-04
 7.500000000E-01, 5.023972690E-02, 3.346301673E-05, 3.392726649E-04
 7.500000000E-01, 5.024463683E-02, 3.270092202E-05, 3.395818057E-04
 7.500000000E-01, 5.024965107E-02, 3.195864701E-05, 3.398547997E-04
 7.500000000E-01, 5.025476217E-02, 3.123559509E-05, 3.400919377E-04
 7.500000000E-01, 5.025997013E-02, 3.053119144E-05, 3.402935108E-04
 7.500000000E-01, 5.026528984E-02, 2.984486855E-05, 3.404598101E-04
 7.500000000E-01, 5.027072132E-02, 2.917608799E-05, 3.405910102E-04
 7.500000000E-01, 5.027624965E-02, 2.852432226E-05, 3.406873439E-04
 7.500000000E-01, 5.028190464E-02, 2.788906022E-05, 3.407489567E-04
 7.500000000E-01, 5.028767139E-02, 2.726980892E-05, 3.407759941E-04
 7.500000000E-01, 5.029354990E-02, 2.666608816E-05, 3.407685726E-04
 7.500000000E-01, 5.029955506E-02, 2.607743590E-05, 3.407267504E-04
 7.500000000E-01, 5.030567944E-02, 2.550340105E-05, 3.406506730E-04
 7.500000000E-01, 5.031192303E-02, 2.494355067E-05, 3.405403113E-04
 7.500000000E-01, 5.031830072E-02, 2.439746277E-05, 3.403957235E-04
 7.500000000E-01, 5.032479763E-02, 2.386472624E-05, 3.402168513E-04
 7.500000000E-01, 5.033143610E-02, 2.334495184E-05, 3.400036949E-04
 7.500000000E-01, 5.033820868E-02, 2.283775029E-05, 3.397562541E-04
 7.500000000E-01, 5.034511536E-02, 2.234275053E-05, 3.394743544E-04
 7.500000000E-01, 5.035216361E-02, 2.185959602E-05, 3.391579958E-04
 7.500000000E-01, 5.035935342E-02, 2.138793388E-05, 3.388070036E-04
 7.500000000E-01, 5.036669225E-02, 2.092742943E-05, 3.384212905E-04
 7.500000000E-01, 5.037418008E-02, 2.047775160E-05, 3.380007111E-04
 7.500000000E-01, 5.038182437E-02, 2.003858572E-05, 3.375450615E-04
 7.500000000E-01, 5.038961768E-02, 1.960962254E-05, 3.370541381E-04
 7.500000000E-01, 5.039756745E-02, 1.919056376E-05, 3.365278244E-04
 7.500000000E-01, 5.040568113E-02, 1.878112016E-05, 3.359658294E-04
 7.500000000E-01, 5.041396618E-02, 1.838100798E-05, 3.353679786E-04
 7.500000000E-01, 5.042241514E-02, 1.798996163E-05, 3.347340098E-04
 7.500000000E-01, 5.043102801E-02, 1.760771192E-05, 3.340636613E-04
 7.500000000E-01, 5.043982714E-02, 1.723400419E-05, 3.333566419E-04
 7.500000000E-01, 5.044880509E-02, 1.686858923E-05, 3.326127189E-04
 7.500000000E-01, 5.045795441E-02, 1.651122875E-05, 3.318315139E-04
 7.500000000E-01, 5.046729743E-02, 1.616168811E-05, 3.310128523E-04
 7.500000000E-01, 5.047683418E-02, 1.581973993E-05, 3.301563556E-04
 7.500000000E-01, 5.048656464E-02, 1.548516593E-05, 3.292616748E-04
 7.500000000E-01, 5.049648881E-02, 1.515775239E-05, 3.283285478E-04
 7.500000000E-01, 5.050661415E-02, 1.483729284E-05, 3.273565962E-04
 7.500000000E-01, 5.051694810E-02, 1.452358356E-05, 3.263455292E-04
 7.500000000E-01, 5.052749068E-02, 1.421643537E-05, 3.252949973E-04
 7.500000000E-01, 5.053824186E-02, 1.391565638E-05, 3.242046223E-04
 7.500000000E-01, 5.054922402E-02, 1.362106377E-05, 3.230741131E-04
 7.500000000E-01, 5.056042224E-02, 1.333247928E-05, 3.219031496E-04
 7.500000000E-01, 5.057185143E-02, 1.304973011E-05, 3.206913243E-04
 7.500000000E-01, 5.058351159E-02, 1.277265255E-05, 3.194383462E-04
 7.500000000E-01, 5.059541017E-02, 1.250108107E-05, 3.181438660E-04
 7.500000000E-01, 5.060754716E-02, 1.223485924E-05, 3.168075636E-04
 7.500000000E-01, 5.061994493E-02, 1.197383608E-05, 3.154291189E-04
 7.500000000E-01, 5.063258111E-02, 1.171786244E-05, 3.140082699E-04
 7.500000000E-01, 5.064547062E-02, 1.146679460E-05, 3.125446965E-04
 7.500000000E-01, 5.065863580E-02, 1.122049707E-05, 3.110380785E-04
 7.500000000E-01, 5.067206174E-02, 1.097883342E-05, 3.094881831E-04
 7.500000000E-01, 5.068576336E-02, 1.074167267E-05, 3.078947775E-04
 7.500000000E-01, 5.069974065E-02, 1.050889114E-05, 3.062575706E-04
 7.500000000E-01, 5.071400851E-02, 1.028036604E-05, 3.045764170E-04
 7.500000000E-01, 5.072855949E-02, 1.005598097E-05, 3.028511419E-04
 7.500000000E-01, 5.074341595E-02, 9.835622222E-06, 3.010815126E-04
 7.500000000E-01, 5.075857043E-02, 9.619179764E-06, 2.992674417E-04
 7.500000000E-01, 5.077403039E-02, 9.406548088E-06, 2.974088420E-04
 7.500000000E-01, 5.078980327E-02, 9.197625332E-06, 2.955055970E-04
 7.500000000E-01, 5.080591142E-02, 8.992314179E-06, 2.935577359E-04
 7.500000000E-01, 5.082233250E-02, 8.790520951E-06, 2.915652585E-04
 7.500000000E-01, 5.083909631E-02, 8.592153790E-06, 2.895281650E-04
 7.500000000E-01, 5.085619539E-02, 8.397127203E-06, 2.874465717E-04
 7.500000000E-01, 5.087364465E-02, 8.205359336E-06, 2.853206825E-04
 7.500000000E-01, 5.089145154E-02, 8.016769243E-06, 2.831506135E-04
 7.500000000E-01, 5.090962350E-02, 7.831283256E-06, 2.809366561E-04
 7.500000000E-01, 5.092816055E-02, 7.648829524E-06, 2.786791301E-04
 7.500000000E-01, 5.094707012E-02, 7.469339835E-06, 2.763783559E-04
 7.500000000E-01, 5.096637458E-02, 7.292751434E-06, 2.740348282E-04
 7.500000000E-01, 5.098606646E-02, 7.119003840E-06, 2.716490417E-04
 7.500000000E-01, 5.100616813E-02, 6.948040209E-06, 2.692214912E-04
 7.500000000E-01, 5.102667212E-02, 6.779809155E-06, 2.667529625E-04
 7.500000000E-01, 5.104759336E-02, 6.614261110E-06, 2.642440959E-04
 7.500000000E-01, 5.106893927E-02, 6.451352419E-06, 2.616957354E-04
 7.500000000E-01, 5.109071732E-02, 6.291041245E-06, 2.591087832E-04
 7.500000000E-01, 5.111294985E-02, 6.133292118E-06, 2.564842580E-04
 7.500000000E-01, 5.113562942E-02, 5.978071385E-06, 2.538232366E-04
 7.500000000E-01, 5.115877092E-02, 5.825349945E-06, 2.511268831E-04
 7.500000000E-01, 5.118238181E-02, 5.675103239E-06, 2.483965363E-04
 7.500000000E-01, 5.120646954E-02, 5.527311259E-06, 2.456335642E-04
 7.500000000E-01, 5.123105645E-02, 5.381955361E-06, 2.428394801E-04
 7.500000000E-01, 5.125615001E-02, 5.239023267E-06, 2.400158992E-04
 7.500000000E-01, 5.128173530E-02, 5.098505426E-06, 2.371645533E-04
 7.500000000E-01, 5.130785704E-02, 4.960395927E-06, 2.342872467E-04
 7.500000000E-01, 5.133450776E-02, 4.824692951E-06, 2.313859586E-04
 7.500000000E-01, 5.136169493E-02, 4.691397407E-06, 2.284627699E-04
 7.500000000E-01, 5.138944089E-02, 4.560514753E-06, 2.255198197E-04
 7.500000000E-01, 5.141775310E-02, 4.432052265E-06, 2.225594217E-04
 7.500000000E-01, 5.144664645E-02, 4.306019946E-06, 2.195839479E-04
 7.500000000E-01, 5.147612095E-02, 4.182432349E-06, 2.165958867E-04
 7.500000000E-01, 5.150619894E-02, 4.061303116E-06, 2.135978139E-04
 7.500000000E-01, 5.153688788E-02, 3.942649528E-06, 2.105924068E-04
 7.500000000E-01, 5.156820267E-02, 3.826490683E-06, 2.075824013E-04
 7.500000000E-01, 5.160015821E-02, 3.712845455E-06, 2.045705914E-04
 7.500000000E-01, 5.163276196E-02, 3.601733624E-06, 2.015598584E-04
 7.500000000E-01, 5.166602880E-02, 3.493174518E-06, 1.985530253E-04
 7.500000000E-01, 5.169997364E-02, 3.387187917E-06, 1.955530606E-04
 7.500000000E-01, 5.173461139E-02, 3.283791102E-06, 1.925628458E-04
 7.500000000E-01, 5.176995695E-02, 3.182999990E-06, 1.895852474E-04
 7.500000000E-01, 5.180601776E-02, 3.084829359E-06, 1.866231323E-04
 7.500000000E-01, 5.184280872E-02, 2.989289669E-06, 1.836792799E-04
 7.500000000E-01, 5.188035965E-02, 2.896389105E-06, 1.807563822E-04
 7.500000000E-01, 5.191867054E-02, 2.806131761E-06, 1.778570877E-04
 7.500000000E-01, 5.195776373E-02, 2.718517862E-06, 1.749838411E-04
 7.500000000E-01, 5.199765414E-02, 2.633543772E-06, 1.721390290E-04
 7.500000000E-01, 5.203835666E-02, 2.551200396E-06, 1.693248050E-04
 7.500000000E-01, 5.207988620E-02, 2.471473636E-06, 1.665432210E-04
 7.500000000E-01, 5.212226510E-02, 2.394345756E-06, 1.637960959E-04
 7.500000000E-01, 5.216550082E-02, 2.319793566E-06, 1.610851032E-04
 7.500000000E-01, 5.220961571E-02, 2.247788416E-06, 1.584116544E-04
 7.500000000E-01, 5.225463957E-02, 2.178298018E-06, 1.557770011E-04
 7.500000000E-01, 5.230057240E-02, 2.111285767E-06, 1.531821326E-04
 7.500000000E-01, 5.234745145E-02, 2.046710279E-06, 1.506278641E-04
 7.500000000E-01, 5.239526927E-02, 1.984526762E-06, 1.481148065E-04
 7.500000000E-01, 5.244407058E-02, 1.924687240E-06, 1.456433092E-04
 7.500000000E-01, 5.249387026E-02, 1.867140554E-06, 1.432135759E-04
 7.500000000E-01, 5.254468322E-02, 1.811833044E-06, 1.408255921E-04
 7.500000000E-01, 5.259652436E-02, 1.758708663E-06, 1.384791103E-04
 7.500000000E-01, 5.264942348E-02, 1.707709657E-06, 1.361737668E-04
 7.500000000E-01, 5.270341039E-02, 1.658776910E-06, 1.339090086E-04
 7.500000000E-01, 5.275848508E-02, 1.611850394E-06, 1.316840935E-04
 7.500000000E-01, 5.281468481E-02, 1.566869287E-06, 1.294981339E-04
 7.500000000E-01, 5.287203193E-02, 1.523772312E-06, 1.273501111E-04
 7.500000000E-01, 5.293054879E-02, 1.482498533E-06, 1.252388902E-04
 7.500000000E-01, 5.299025029E-02, 1.442987013E-06, 1.231631904E-04
 7.500000000E-01, 5.305117369E-02, 1.405177272E-06, 1.211216004E-04
 7.500000000E-01, 5.311334133E-02, 1.369009851E-06, 1.191126503E-04
 7.500000000E-01, 5.317676812E-02, 1.334425860E-06, 1.171347176E-04
 7.500000000E-01, 5.324149132E-02, 1.301367661E-06, 1.151861507E-04
 7.500000000E-01, 5.330753326E-02, 1.269778295E-06, 1.132651232E-04
 7.500000000E-01, 5.337491632E-02, 1.239602625E-06, 1.113697799E-04
 7.500000000E-01, 5.344367027E-02, 1.210786536E-06, 1.094981999E-04
 7.500000000E-01, 5.351383239E-02, 1.183277163E-06, 1.076483532E-04
 7.500000000E-01, 5.358542502E-02, 1.157023121E-06, 1.058181515E-04
 7.500000000E-01, 5.365847051E-02, 1.131974386E-06, 1.040054194E-04
 7.500000000E-01, 5.373300612E-02, 1.108082188E-06, 1.022079232E-04
 7.500000000E-01, 5.380906165E-02, 1.085299346E-06, 1.004233272E-04
 7.500000000E-01, 5.388666689E-02, 1.063579703E-06, 9.864929598E-05
 7.500000000E-01, 5.396585166E-02, 1.042878353E-06, 9.688331920E-05
 7.500000000E-01, 5.404664576E-02, 1.023151526E-06, 9.512286488E-05
 7.500000000E-01, 5.412909389E-02, 1.004356818E-06, 9.336530638E-05
 7.500000000E-01, 5.421321094E-02, 9.864522781E-07, 9.160791524E-05
 7.500000000E-01, 5.429904908E-02, 9.693972061E-07, 8.984786109E-05
 7.500000000E-01, 5.438663065E-02, 9.531514706E-07, 8.808223356E-05
 7.500000000E-01, 5.447600782E-02, 9.376755088E-07, 8.630796219E-05
 7.500000000E-01, 5.456719548E-02, 9.229302123E-07, 8.452188922E-05
 7.500000000E-01, 5.466024578E-02, 9.088767001E-07, 8.272068226E-05
 7.500000000E-01, 5.475518852E-02, 8.954761483E-07, 8.090086340E-05
 7.500000000E-01, 5.485206842E-02, 8.826893918E-07, 7.905878010E-05
 7.500000000E-01, 5.495092273E-02, 8.704769243E-07, 7.719055429E-05
 7.500000000E-01, 5.505178869E-02, 8.587982734E-07, 7.529211871E-05
 7.500000000E-01, 5.515471101E-02, 8.476122275E-07, 7.335914415E-05
 7.500000000E-01, 5.525971949E-02, 8.368759836E-07, 7.138703950E-05
 7.500000000E-01, 5.536688119E-02, 8.265451470E-07, 6.937091530E-05
 7.500000000E-01, 5.547621846E-02, 8.165736176E-07, 6.730563473E-05
 7.500000000E-01, 5.558779091E-02, 8.069133628E-07, 6.518574082E-05
 7.500000000E-01, 5.570162833E-02, 7.975145309E-07, 6.300563109E-05
 7.500000000E-01, 5.581779033E-02, 7.883259059E-07, 6.075956480E-05
 7.500000000E-01, 5.593632162E-02, 7.792953056E-07, 5.844190673E-05
 7.500000000E-01, 5.605725944E-02, 7.703699794E-07, 5.604740727E-05
 7.500000000E-01, 5.618066341E-02, 7.614972901E-07, 5.357157352E-05
 7.500000000E-01, 5.630658567E-02, 7.526241461E-07, 5.101117131E-05
 7.500000000E-01, 5.643506348E-02, 7.436956935E-07, 4.836481821E-05
 7.500000000E-01, 5.656617135E-02, 7.346535540E-07, 4.563378752E-05
 7.500000000E-01, 5.669994652E-02, 7.255159744E-07, 4.283007002E-05
 7.500000000E-01, 5.683644116E-02, 7.164088629E-07, 3.998417014E-05
 7.500000000E-01, 5.697572231E-02, 7.073078905E-07, 3.712411490E-05
 7.500000000E-01, 5.711783469E-02, 6.980546914E-07, 3.426709372E-05
 7.500000000E-01, 5.726285279E-02, 6.884914683E-07, 3.142995411E-05
 7.500000000E-01, 5.741082132E-02, 6.784878224E-07, 2.862979818E-05
 7.500000000E-01, 5.756179988E-02, 6.679637181E-07, 2.588074858E-05
 7.500000000E-01, 5.771585554E-02, 6.566467619E-07, 2.315022721E-05
 7.500000000E-01, 5.787305534E-02, 6.439911431E-07, 2.038820821E-05
 7.500000000E-01, 5.803345144E-02, 6.293805654E-07, 1.759090810E-05
 7.500000000E-01, 5.819711089E-02, 6.120444027E-07, 1.478185095E-05
 7.500000000E-01, 5.836411566E-02, 5.908642606E-07, 1.199793587E-05
 7.500000000E-01, 5.853451788E-02, 5.641176131E-07, 9.293346011E-06
 7.500000000E-01, 5.870839208E-02, 5.290303307E-07, 6.745503015E-06
 7.500000000E-01, 5.888581276E-02, 4.810478345E-07, 4.461666322E-06
 7.500000000E-01, 5.906683952E-02, 4.132319020E-07, 2.578801741E-06
 7.500000000E-01, 5.925156176E-02, 3.192985787E-07, 1.232627937E-06
 7.500000000E-01, 5.944004655E-02, 2.079047761E-07, 4.636056019E-07
 7.500000000E-01, 5.963236094E-02, 1.113161474E-07, 1.349495875E-07
 7.500000000E-01, 5.982860923E-02, 5.624224286E-08, 2.988199199E-08
 7.500000000E-01, 6.002884358E-02, 3.769002177E-08, 5.123620195E-09
 7.500000000E-01, 6.023316085E-02, 3.377223834E-08, 8.088176795E-10
 7.500000000E-01, 6.044164300E-02, 3.303627238E-08, 1.859289805E-10
 7.500000000E-01, 6.065437198E-02, 3.284922911E-08, 1.046345094E-10
 7.500000000E-01, 6.087143719E-02, 3.257110848E-08, 9.435028453E-11
 7.500000000E-01, 6.109291315E-02, 3.224752732E-08, 9.271598767E-11
 7.500000000E-01, 6.131891161E-02, 3.192599962E-08, 9.208137031E-11
 7.500000000E-01, 6.154951453E-02, 3.161419926E-08, 9.156626846E-11
 7.500000000E-01, 6.178481132E-02, 3.131309256E-08, 9.107583437E-11
 7.500000000E-01, 6.202490628E-02, 3.102261914E-08, 9.060088790E-11
 7.500000000E-01, 6.226988137E-02, 3.074248411E-08, 9.014089475E-11
 7.500000000E-01, 6.251986325E-02, 3.047228603E-08, 8.969600063E-11
 7.500000000E-01, 6.277492642E-02, 3.021153461E-08, 8.926626105E-11
 7.500000000E-01, 6.303519011E-02, 2.995969695E-08, 8.885157887E-11
 7.500000000E-01, 6.330075860E-02, 2.971619040E-08, 8.845175981E-11
 7.500000000E-01, 6.357173622E-02, 2.948041811E-08, 8.806645690E-11
 7.500000000E-01, 6.384823471E-02, 2.925177256E-08, 8.769528159E-11
 7.500000000E-01, 6.413035840E-02, 2.902964269E-08, 8.733770651E-11
 7.500000000E-01, 6.441824138E-02, 2.881343164E-08, 8.699314186E-11
 7.500000000E-01, 6.471198052E-02, 2.860254611E-08, 8.666094925E-11
 7.500000000E-01, 6.501170993E-02, 2.839642299E-08, 8.634038623E-11
 7.500000000E-01, 6.531754136E-02, 2.819450984E-08, 8.603068258E-11
 7.500000000E-01, 6.562960893E-02, 2.799627907E-08, 8.573101951E-11
 7.500000000E-01, 6.594803184E-02, 2.780122799E-08, 8.544054353E-11
 7.500000000E-01, 6.627293676E-02, 2.760888407E-08, 8.515838729E-11
 7.500000000E-01, 6.660446525E-02, 2.741880145E-08, 8.488368342E-11
 7.500000000E-01, 6.694275141E-02, 2.723055914E-08, 8.461557843E-11
 7.500000000E-01, 6.728792191E-02, 2.704377167E-08, 8.435324661E-11
 7.500000000E-01, 6.764013320E-02, 2.685808731E-08, 8.409590385E-11
 7.500000000E-01, 6.799951196E-02, 2.667317744E-08, 8.384282157E-11
 7.500000000E-01, 6.836621463E-02, 2.648875430E-08, 8.359331283E-11
 7.500000000E-01, 6.874039024E-02, 2.630455498E-08, 8.334674617E-11
 7.500000000E-01, 6.912218779E-02, 2.612034677E-08, 8.310256649E-11
 7.500000000E-01, 6.951176375E-02, 2.593592896E-08, 8.286027420E-11
 7.500000000E-01, 6.990927458E-02, 2.575112568E-08, 8.261941131E-11
 7.500000000E-01, 7.031489164E-02, 2.556578416E-08, 8.237957538E-11
 7.500000000E-01, 7.072876394E-02, 2.537977650E-08, 8.214044722E-11
 7.500000000E-01, 7.115107030E-02, 2.519299258E-08, 8.190170764E-11
 7.500000000E-01, 7.158198208E-02, 2.500534535E-08, 8.166311377E-11
 7.500000000E-01, 7.202167064E-02, 2.481676020E-08, 8.142444358E-11
 7.500000000E-01, 7.247032225E-02, 2.462717674E-08, 8.118553052E-11
 7.500000000E-01, 7.292810827E-02, 2.443655234E-08, 8.094620807E-11
 7.500000000E-01, 7.339522243E-02, 2.424485501E-08, 8.070635826E-11
 7.500000000E-01, 7.387185097E-02, 2.405205635E-08, 8.046588396E-11
 7.500000000E-01, 7.435819507E-02, 2.385814568E-08, 8.022471576E-11
 7.500000000E-01, 7.485444099E-02, 2.366311591E-08, 7.998277041E-11
 7.500000000E-01, 7.536078990E-02, 2.346697059E-08, 7.974000626E-11
 7.500000000E-01, 7.587747276E-02, 2.326971682E-08, 7.949639558E-11
 7.500000000E-01, 7.640467584E-02, 2.307137059E-08, 7.925191059E-11
 7.500000000E-01, 7.694260776E-02, 2.287194789E-08, 7.900653048E-11
 7.500000000E-01, 7.749152184E-02, 2.267147892E-08, 7.876026220E-11
 7.500000000E-01, 7.805161178E-02, 2.246998676E-08, 7.851309880E-11
 7.500000000E-01, 7.862310112E-02, 2.226751050E-08, 7.826505416E-11
 7.500000000E-01, 7.920624316E-02, 2.206408212E-08, 7.801614910E-11
 7.500000000E-01, 7.980124652E-02, 2.185974424E-08, 7.776638361E-11
 7.500000000E-01, 8.040839434E-02, 2.165453594E-08, 7.751579933E-11
 7.500000000E-01, 8.102791011E-02, 2.144851052E-08, 7.726441709E-11
 7.500000000E-01, 8.166003227E-02, 2.124171061E-08, 7.701227156E-11
 7.500000000E-01, 8.230504394E-02, 2.103418595E-08, 7.675939051E-11
 7.500000000E-01, 8.296319842E-02, 2.082599693E-08, 7.650580863E-11
 7.500000000E-01, 8.363474905E-02, 2.061719329E-08, 7.625156756E-11
 7.500000000E-01, 8.431999385E-02, 2.040783542E-08, 7.599670893E-11
 7.500000000E-01, 8.501918614E-02, 2.019798373E-08, 7.574127436E-11
 7.500000000E-01, 8.573263884E-02, 1.998769861E-08, 7.548530551E-11
 7.500000000E-01, 8.646062016E-02, 1.977704400E-08, 7.522885093E-11
 7.500000000E-01, 8.720342815E-02, 1.956608386E-08, 7.497194532E-11
 7.500000000E-01, 8.796137571E-02, 1.935488925E-08, 7.471464419E-11
 7.500000000E-01, 8.873476088E-02, 1.914352410E-08, 7.445699612E-11
 7.500000000E-01, 8.952389657E-02, 1.893205948E-08, 7.419903580E-11
 7.500000000E-01, 9.032912552E-02, 1.872056998E-08, 7.394081181E-11
 7.500000000E-01, 9.115074575E-02, 1.850912135E-08, 7.368239352E-11
 7.500000000E-01, 9.198911488E-02, 1.829779173E-08, 7.342380176E-11
 7.500000000E-01, 9.284456074E-02, 1.808665573E-08, 7.316509898E-11
 7.500000000E-01, 9.371742606E-02, 1.787578441E-08, 7.290632681E-11
 7.500000000E-01, 9.460808337E-02, 1.766525770E-08, 7.264753382E-11
 7.500000000E-01, 9.551687539E-02, 1.745515377E-08, 7.238876859E-11
 7.500000000E-01, 9.644420445E-02, 1.724554899E-08, 7.213006581E-11
 7.500000000E-01, 9.739039838E-02, 1.703651975E-08, 7.187148793E-11
 7.500000000E-01, 9.835587442E-02, 1.682814954E-08, 7.161306270E-11
 7.500000000E-01, 9.934104979E-02, 1.662051474E-08, 7.135483870E-11
 7.500000000E-01, 1.003462970E-01, 1.641369352E-08, 7.109685063E-11
 7.500000000E-01, 1.013720036E-01, 1.620776757E-08, 7.083915399E-11
 7.500000000E-01, 1.024186015E-01, 1.600281863E-08, 7.058177653E-11
 7.500000000E-01, 1.034865007E-01, 1.579892484E-08, 7.032475990E-11
 7.500000000E-01, 1.045762002E-01, 1.559616436E-08, 7.006813185E-11
 7.500000000E-01, 1.056881025E-01, 1.539461714E-08, 6.981194095E-11
 7.500000000E-01, 1.068226025E-01, 1.519436310E-08, 6.955620802E-11
 7.500000000E-01, 1.079801992E-01, 1.499548219E-08, 6.930096774E-11
 7.500000000E-01, 1.091615036E-01, 1.479804901E-08, 6.904624095E-11
 7.500000000E-01, 1.103667021E-01, 1.460214438E-08, 6.879206926E-11
 7.500000000E-01, 1.115965992E-01, 1.440784203E-08, 6.853845269E-11
 7.500000000E-01, 1.128515005E-01, 1.421521656E-08, 6.828543286E-11
 7.500000000E-01, 1.141320020E-01, 1.402434524E-08, 6.803300978E-11
 7.500000000E-01, 1.154384986E-01, 1.383529913E-08, 6.778121120E-11
 7.500000000E-01, 1.167716980E-01, 1.364814928E-08, 6.753005100E-11
 7.500000000E-01, 1.181320995E-01, 1.346296763E-08, 6.727951529E-11
 7.500000000E-01, 1.195200980E-01, 1.327982257E-08, 6.702962491E-11
 7.500000000E-01, 1.209364012E-01, 1.309878073E-08, 6.678037290E-11
 7.500000000E-01, 1.223815978E-01, 1.291990692E-08, 6.653176621E-11
 7.500000000E-01, 1.238562986E-01, 1.274326422E-08, 6.628378402E-11
 7.500000000E-01, 1.253609061E-01, 1.256891480E-08, 6.603642633E-11
 7.500000000E-01, 1.268962026E-01, 1.239691816E-08, 6.578967926E-11
 7.500000000E-01, 1.284628958E-01, 1.222732937E-08, 6.554351506E-11
 7.500000000E-01, 1.300614029E-01, 1.206020439E-08, 6.529789903E-11
 7.500000000E-01, 1.316924989E-01, 1.189559384E-08, 6.505282424E-11
 7.500000000E-01, 1.333567947E-01, 1.173354658E-08, 6.480824211E-11
 7.500000000E-01, 1.350550056E-01, 1.157411411E-08, 6.456411794E-11
 7.500000000E-01, 1.367878020E-01, 1.141733730E-08, 6.432041011E-11
 7.500000000E-01, 1.385560036E-01, 1.126325788E-08, 6.407704922E-11
 7.500000000E-01, 1.403601021E-01, 1.111191406E-08, 6.383400059E-11
 7.500000000E-01, 1.422010064E-01, 1.096334223E-08, 6.359118093E-11
 7.500000000E-01, 1.440794021E-01, 1.081757617E-08, 6.334853475E-11
 7.500000000E-01, 1.459960938E-01, 1.067464339E-08, 6.310597878E-11
 7.500000000E-01, 1.479517967E-01, 1.053457233E-08, 6.286342974E-11
 7.500000000E-01, 1.499474049E-01, 1.039738606E-08, 6.262081131E-11
 7.500000000E-01, 1.519836038E-01, 1.026310592E-08, 6.237801942E-11
 7.500000000E-01, 1.540613025E-01, 1.013174789E-08, 6.213494996E-11
 7.500000000E-01, 1.561813951E-01, 1.000332617E-08, 6.189149193E-11
 7.500000000E-01, 1.583445966E-01, 9.877852314E-09, 6.164752042E-11
 7.500000000E-01, 1.605519056E-01, 9.755334318E-09, 6.140289666E-11
 7.500000000E-01, 1.628042012E-01, 9.635776621E-09, 6.115748186E-11
 7.500000000E-01, 1.651023030E-01, 9.519180999E-09, 6.091111643E-11
 7.500000000E-01, 1.674472988E-01, 9.405544787E-09, 6.066364078E-11
 7.500000000E-01, 1.698400974E-01, 9.294864434E-09, 6.041486755E-11
 7.500000000E-01, 1.722815931E-01, 9.187131056E-09, 6.016462328E-11
 7.500000000E-01, 1.747727990E-01, 9.082334884E-09, 5.991269980E-11
 7.500000000E-01, 1.773148030E-01, 8.980460819E-09, 5.965888894E-11
 7.500000000E-01, 1.799086034E-01, 8.881492874E-09, 5.940295478E-11
 7.500000000E-01, 1.825551987E-01, 8.785412398E-09, 5.914465445E-11
 7.500000000E-01, 1.852557957E-01, 8.692195408E-09, 5.888371735E-11
 7.500000000E-01, 1.880113035E-01, 8.601817925E-09, 5.861985897E-11
 7.500000000E-01, 1.908230036E-01, 8.514250638E-09, 5.835275318E-11
 7.500000000E-01, 1.936919987E-01, 8.429465126E-09, 5.808205306E-11
 7.500000000E-01, 1.966194063E-01, 8.347427638E-09, 5.780739776E-11
 7.500000000E-01, 1.996064931E-01, 8.268104423E-09, 5.752837096E-11
 7.500000000E-01, 2.026544064E-01, 8.191458178E-09, 5.724451815E-11
 7.500000000E-01, 2.057645023E-01, 8.117448047E-09, 5.695533281E-11
 7.500000000E-01, 2.089377940E-01, 8.046033173E-09, 5.666025982E-11
 7.500000000E-01, 2.121759057E-01, 7.977172700E-09, 5.635867467E-11
 7.500000000E-01, 2.154798955E-01, 7.910818667E-09, 5.604985226E-11
 7.500000000E-01, 2.188511938E-01, 7.846926664E-09, 5.573298073E-11
 7.500000000E-01, 2.222912014E-01, 7.785448730E-09, 5.540709558E-11
 7.500000000E-01, 2.258013040E-01, 7.726333351E-09, 5.507105189E-11
 7.500000000E-01, 2.293829024E-01, 7.669532565E-09, 5.472344800E-11
 7.500000000E-01, 2.330373973E-01, 7.614992192E-09, 5.436252837E-11
 7.500000000E-01, 2.367665023E-01, 7.562661608E-09, 5.398603092E-11
 7.500000000E-01, 2.405714989E-01, 7.512484856E-09, 5.359086092E-11
 7.500000000E-01, 2.444539964E-01, 7.464409535E-09, 5.317234847E-11
 7.500000000E-01, 2.484154999E-01, 7.418380576E-09, 5.272237161E-11
 7.500000000E-01, 2.524578869E-01, 7.374342026E-09, 5.221595031E-11
 7.500000000E-01, 2.565825880E-01, 7.332237040E-09, 5.158634978E-11
 7.500000000E-01, 2.607912123E-01, 7.292011439E-09, 5.094285410E-11
 7.500000000E-01, 2.650856972E-01, 7.253607937E-09, 5.033258532E-11
 7.500000000E-01, 2.694677114E-01, 7.216970577E-09, 4.975425974E-11
 7.500000000E-01, 2.739388049E-01, 7.182043404E-09, 4.920645141E-11
 7.500000000E-01, 2.785012126E-01, 7.148770020E-09, 4.868777603E-11
 7.500000000E-01, 2.831563950E-01, 7.117095358E-09, 4.819691174E-11
 7.500000000E-01, 2.879064977E-01, 7.086963905E-09, 4.773257484E-11
 7.500000000E-01, 2.927533090E-01, 7.058321927E-09, 4.729353020E-11
 7.500000000E-01, 2.976990044E-01, 7.031113469E-09, 4.687860516E-11
 7.500000000E-01, 3.027453125E-01, 7.005287017E-09, 4.648665480E-11
 7.500000000E-01, 3.078944981E-01, 6.980788836E-09, 4.611658277E-11
 7.500000000E-01, 3.131485879E-01, 6.957567855E-09, 4.576733437E-11
 7.500000000E-01, 3.185096979E-01, 6.935572117E-09, 4.543790344E-11
 7.500000000E-01, 3.239800036E-01, 6.914752326E-09, 4.512731855E-11
 7.500000000E-01, 3.295617998E-01, 6.895058746E-09, 4.483464294E-11
 7.500000000E-01, 3.352574110E-01, 6.876444303E-09, 4.455898497E-11
 7.500000000E-01, 3.410688937E-01, 6.858861923E-09, 4.429948769E-11
 7.500000000E-01, 3.469988108E-01, 6.842266309E-09, 4.405532189E-11
 7.500000000E-01, 3.530496061E-01, 6.826611720E-09, 4.382570695E-11
 7.500000000E-01, 3.592236042E-01, 6.811855968E-09, 4.360988654E-11
 7.500000000E-01, 3.655233979E-01, 6.797955976E-09, 4.340713552E-11
 7.500000000E-01, 3.719514906E-01, 6.784872220E-09, 4.321676350E-11
 7.500000000E-01, 3.785107136E-01, 6.772563843E-09, 4.303810086E-11
 7.500000000E-01, 3.852033913E-01, 6.760993543E-09, 4.287052657E-11
 7.500000000E-01, 3.920325041E-01, 6.750124015E-09, 4.271343002E-11
 7.500000000E-01, 3.990007043E-01, 6.739919733E-09, 4.256623526E-11
 7.500000000E-01, 4.061109126E-01, 6.730345170E-09, 4.242838719E-11
 7.500000000E-01, 4.133659005E-01, 6.721369239E-09, 4.229936540E-11
 7.500000000E-01, 4.207687974E-01, 6.712958189E-09, 4.217867028E-11
 7.500000000E-01, 4.283224046E-01, 6.705081823E-09, 4.206582305E-11
 7.500000000E-01, 4.360300004E-01, 6.697711719E-09, 4.196036574E-11
 7.500000000E-01, 4.438945949E-01, 6.690818566E-09, 4.186186814E-11
 7.500000000E-01, 4.519194067E-01, 6.684376608E-09, 4.176992086E-11
 7.500000000E-01, 4.601075947E-01, 6.678359199E-09, 4.168413531E-11
 7.500000000E-01, 4.684627950E-01, 6.672741470E-09, 4.160413680E-11
 7.500000000E-01, 4.769881070E-01, 6.667501218E-09, 4.152957839E-11
 7.500000000E-01, 4.856871068E-01, 6.662615348E-09, 4.146012700E-11
 7.500000000E-01, 4.945634007E-01, 6.658062546E-09, 4.139545651E-11
 7.500000000E-01, 5.036203861E-01, 6.653822382E-09, 4.133527895E-11
 7.500000000E-01, 5.128620267E-01, 6.649875761E-09, 4.127930636E-11
 7.500000000E-01, 5.222918987E-01, 6.646205364E-09, 4.122727854E-11
 7.500000000E-01, 5.319138765E-01, 6.642792094E-09, 4.117892832E-11
 7.500000000E-01, 5.417320132E-01, 6.639621297E-09, 4.113403368E-11
 7.500000000E-01, 5.517498851E-01, 6.636676542E-09, 4.109235868E-11
 7.500000000E-01, 5.619720817E-01, 6.633943173E-09, 4.105369517E-11
 7.500000000E-01, 5.724024773E-01, 6.631407867E-09, 4.101783843E-11
 7.500000000E-01, 5.830454230E-01, 6.629057303E-09, 4.098460807E-11
 7.500000000E-01, 5.939052105E-01, 6.626879046E-09, 4.095382367E-11
 7.500000000E-01, 6.049860716E-01, 6.624861548E-09, 4.092531869E-11
 7.500000000E-01, 6.162927747E-01, 6.622993709E-09, 4.089893355E-11
 7.500000000E-01, 6.278299093E-01, 6.621266202E-09, 4.087452599E-11
 7.500000000E-01, 6.396020055E-01, 6.619668369E-09, 4.085196070E-11
 7.500000000E-01, 6.516140103E-01, 6.618191328E-09, 4.083110239E-11
 7.500000000E-01, 6.638705730E-01, 6.616826642E-09, 4.081183308E-11
 7.500000000E-01, 6.763769984E-01, 6.615566761E-09, 4.079403829E-11
 7.500000000E-01, 6.891381741E-01, 6.614404136E-09, 4.077761739E-11
 7.500000000E-01, 7.021592855E-01, 6.613331216E-09, 4.076246285E-11
 7.500000000E-01, 7.154458165E-01, 6.612341785E-09, 4.074849486E-11
 7.500000000E-01, 7.290027738E-01, 6.611430514E-09, 4.073561280E-11
 7.500000000E-01, 7.428361773E-01, 6.610590297E-09, 4.072374729E-11
 7.500000000E-01, 7.569512725E-01, 6.609816694E-09, 4.071281506E-11
 7.500000000E-01, 7.713540196E-01, 6.609105263E-09, 4.070275367E-11
 7.500000000E-01, 7.860500813E-01, 6.608450676E-09, 4.069349371E-11
 7.500000000E-01, 8.010457158E-01, 6.607848491E-09, 4.068497622E-11
 7.500000000E-01, 8.163467050E-01, 6.607295155E-09, 4.067714221E-11
 7.500000000E-01, 8.319594264E-01, 6.606786229E-09, 4.066994311E-11
 7.500000000E-01, 8.478903174E-01, 6.606319491E-09, 4.066333034E-11
 7.500000000E-01, 8.641456962E-01, 6.605890945E-09, 4.065725534E-11
 7.500000000E-01, 8.807321787E-01, 6.605497482E-09, 4.065167647E-11
 7.500000000E-01, 8.976566792E-01, 6.605136882E-09, 4.064655904E-11
 7.500000000E-01, 9.149261117E-01, 6.604806480E-09, 4.064186487E-11
 7.500000000E-01, 9.325472116E-01, 6.604503611E-09, 4.063755929E-11
 7.500000000E-01, 9.505273104E-01, 6.604225611E-09, 4.063361106E-11
 7.500000000E-01, 9.688736796E-01, 6.603972036E-09, 4.062999243E-11
 7.500000000E-01, 9.875938296E-01, 6.603739777E-09, 4.062668257E-11
 7.500000000E-01, 1.006695986E+00, 6.603527503E-09, 4.062365028E-11
 7.500000000E-01, 1.026185989E+00, 6.603332992E-09, 4.062087125E-11
 7.500000000E-01, 1.046074033E+00, 6.603155356E-09, 4.061833161E-11
 7.500000000E-01, 1.066367030E+00, 6.602993263E-09, 4.061601055E-11
 7.500000000E-01, 1.087074041E+00, 6.602845382E-09, 4.061388031E-11
 7.500000000E-01, 1.108201981E+00, 6.602710378E-09, 4.061194436E-11
 7.500000000E-01, 1.129760981E+00, 6.602587366E-09, 4.061016801E-11
 7.500000000E-01, 1.151757956E+00, 6.602475011E-09, 4.060855124E-11
 7.500000000E-01, 1.174204946E+00, 6.602372871E-09, 4.060706979E-11
 7.500000000E-01, 1.197108030E+00, 6.602280500E-09, 4.060572018E-11
 7.500000000E-01, 1.220478058E+00, 6.602195679E-09, 4.060449199E-11
 7.500000000E-01, 1.244323969E+00, 6.602118852E-09, 4.060336789E-11
 7.500000000E-01, 1.268656015E+00, 6.602049574E-09, 4.060234787E-11
 7.500000000E-01, 1.293483973E+00, 6.601986069E-09, 4.060141806E-11
 7.500000000E-01, 1.318817019E+00, 6.601928781E-09, 4.060057152E-11
 7.500000000E-01, 1.344666958E+00, 6.601876823E-09, 4.059980130E-11
 7.500000000E-01, 1.371042967E+00, 6.601830194E-09, 4.059910047E-11
 7.500000000E-01, 1.397956014E+00, 6.601787561E-09, 4.059846209E-11
 7.500000000E-01, 1.425418019E+00, 6.601749369E-09, 4.059788616E-11
 7.500000000E-01, 1.453439951E+00, 6.601714730E-09, 4.059735881E-11
 7.500000000E-01, 1.482031941E+00, 6.601683644E-09, 4.059688002E-11
 7.500000000E-01, 1.511206985E+00, 6.601656111E-09, 4.059644981E-11
 7.500000000E-01, 1.540976048E+00, 6.601630798E-09, 4.059605777E-11
 7.500000000E-01, 1.571352005E+00, 6.601608149E-09, 4.059570735E-11
 7.500000000E-01, 1.602345943E+00, 6.601588165E-09, 4.059538469E-11
 7.500000000E-01, 1.633972049E+00, 6.601570401E-09, 4.059509673E-11
 7.500000000E-01, 1.666242003E+00, 6.601554858E-09, 4.059483652E-11
 7.500000000E-01, 1.699169993E+00, 6.601540647E-09, 4.059460060E-11
 7.500000000E-01, 1.732768059E+00, 6.601528213E-09, 4.059438896E-11
 7.500000000E-01, 1.767050982E+00, 6.601517555E-09, 4.059420161E-11
 7.500000000E-01, 1.802032948E+00, 6.601507785E-09, 4.059402814E-11
 7.500000000E-01, 1.837726951E+00, 6.601499791E-09, 4.059387548E-11
 7.500000000E-01, 1.874148011E+00, 6.601492686E-09, 4.059374017E-11
 7.500000000E-01, 1.911311030E+00, 6.601486469E-09, 4.059361874E-11
 7.500000000E-01, 1.949231982E+00, 6.601481140E-09, 4.059350772E-11
 7.500000000E-01, 1.987925053E+00, 6.601476699E-09, 4.059341405E-11
 7.500000000E-01, 2.027405977E+00, 6.601473146E-09, 4.059332731E-11
 7.500000000E-01, 2.067692041E+00, 6.601470481E-09, 4.059325098E-11
 7.500000000E-01, 2.108798027E+00, 6.601468705E-09, 4.059318853E-11
 7.500000000E-01, 2.150742054E+00, 6.601466929E-09, 4.059313302E-11
 7.500000000E-01, 2.193540096E+00, 6.601465596E-09, 4.059308098E-11
 7.500000000E-01, 2.237210989E+00, 6.601465152E-09, 4.059303588E-11
 7.500000000E-01, 2.281770945E+00, 6.601464708E-09, 4.059300118E-11
 7.500000000E-01, 2.327239037E+00, 6.601465152E-09, 4.059297343E-11
 7.500000000E-01, 2.373632908E+00, 6.601465152E-09, 4.059294567E-11
 7.500000000E-01, 2.420972109E+00, 6.601466040E-09, 4.059292485E-11
 7.500000000E-01, 2.469275951E+00, 6.601466929E-09, 4.059290404E-11
 7.500000000E-01, 2.518563986E+00, 6.601468705E-09, 4.059289363E-11
 7.500000000E-01, 2.568856001E+00, 6.601470037E-09, 4.059288322E-11
 7.500000000E-01, 2.620172024E+00, 6.601471370E-09, 4.059287628E-11
 7.500000000E-01, 2.672533989E+00, 6.601473590E-09, 4.059286934E-11
 7.500000000E-01, 2.725963116E+00, 6.601475366E-09, 4.059286934E-11
 7.500000000E-01, 2.780479908E+00, 6.601477587E-09, 4.059286934E-11
 7.500000000E-01, 2.836107969E+00, 6.601479807E-09, 4.059287281E-11
 7.500000000E-01, 2.892869949E+00, 6.601482028E-09, 4.059287628E-11
 7.500000000E-01, 2.950787067E+00, 6.601484692E-09, 4.059288322E-11
 7.500000000E-01, 3.009885073E+00, 6.601486913E-09, 4.059289016E-11
 7.500000000E-01, 3.070187092E+00, 6.601489133E-09, 4.059289710E-11
 7.500000000E-01, 3.131716967E+00, 6.601491798E-09, 4.059290404E-11
 7.500000000E-01, 3.194500923E+00, 6.601494462E-09, 4.059291445E-11
 7.500000000E-01, 3.258563995E+00, 6.601497127E-09, 4.059292485E-11
 7.500000000E-01, 3.323930979E+00, 6.601499791E-09, 4.059293873E-11
 7.500000000E-01, 3.390630960E+00, 6.601501568E-09, 4.059294567E-11
 7.500000000E-01, 3.458689928E+00, 6.601504232E-09, 4.059295955E-11
 7.500000000E-01, 3.528135061E+00, 6.601506897E-09, 4.059297343E-11
 7.500000000E-01, 3.598994970E+00, 6.601509117E-09, 4.059298037E-11
 7.500000000E-01, 3.671298981E+00, 6.601511338E-09, 4.059299424E-11
 7.500000000E-01, 3.745074987E+00, 6.601514002E-09, 4.059300812E-11
 7.500000000E-01, 3.820354939E+00, 6.601515778E-09, 4.059301853E-11
 7.500000000E-01, 3.897167921E+00, 6.601517999E-09, 4.059302894E-11
 7.500000000E-01, 3.975547075E+00, 6.601520219E-09, 4.059304282E-11
 7.500000000E-01, 4.055521011E+00, 6.601521996E-09, 4.059304975E-11
 7.500000000E-01, 4.137125969E+00, 6.601523772E-09, 4.059306363E-11
 7.500000000E-01, 4.220393181E+00, 6.601525548E-09, 4.059307057E-11
 7.500000000E-01, 4.305356026E+00, 6.601526881E-09, 4.059307751E-11
 7.500000000E-01, 4.392049789E+00, 6.601528213E-09, 4.059308792E-11
 7.500000000E-01, 4.480511189E+00, 6.601529545E-09, 4.059309486E-11
 7.500000000E-01, 4.570774078E+00, 6.601530878E-09, 4.059310180E-11
 7.500000000E-01, 4.662875175E+00, 6.601531766E-09, 4.059310527E-11
 7.500000000E-01, 4.756853104E+00, 6.601532210E-09, 4.059311220E-11
 7.500000000E-01, 4.852746010E+00, 6.601532654E-09, 4.059311220E-11
 7.500000000E-01, 4.950592041E+00, 6.601533542E-09, 4.059311914E-11