 "x","y","mut"
 7.500003741E-01, 4.999999828E-02, 0.000000000E+00
 7.500003741E-01, 5.000049328E-02, 3.393837030E-09
 7.500003741E-01, 5.000098848E-02, 5.434894830E-08
 7.500003741E-01, 5.000148409E-02, 2.755302975E-07
 7.500003741E-01, 5.000198030E-02, 8.725105700E-07
 7.500003741E-01, 5.000247731E-02, 2.135453571E-06
 7.500003741E-01, 5.000297533E-02, 4.441473710E-06
 7.500003741E-01, 5.000347457E-02, 8.257689864E-06
 7.500003741E-01, 5.000397522E-02, 1.414498841E-05
 7.500003741E-01, 5.000447748E-02, 2.276252042E-05
 7.500003741E-01, 5.000498157E-02, 3.487296348E-05
 7.500003741E-01, 5.000548768E-02, 5.134857651E-05
 7.500003741E-01, 5.000599603E-02, 7.317809781E-05
 7.500003741E-01, 5.000650682E-02, 1.014744981E-04
 7.500003741E-01, 5.000702025E-02, 1.374836740E-04
 7.500003741E-01, 5.000753655E-02, 1.825941354E-04
 7.500003741E-01, 5.000805590E-02, 2.383476854E-04
 7.500003741E-01, 5.000857854E-02, 3.064512136E-04
 7.500003741E-01, 5.000910466E-02, 3.887897403E-04
 7.500003741E-01, 5.000963449E-02, 4.874405587E-04
 7.500003741E-01, 5.001016824E-02, 6.046888463E-04
 7.500003741E-01, 5.001070613E-02, 7.430446418E-04
 7.500003741E-01, 5.001124837E-02, 9.052613927E-04
 7.500003741E-01, 5.001179519E-02, 1.094356016E-03
 7.500003741E-01, 5.001234681E-02, 1.313630871E-03
 7.500003741E-01, 5.001290345E-02, 1.566697404E-03
 7.500003741E-01, 5.001346534E-02, 1.857501964E-03
 7.500003741E-01, 5.001403270E-02, 2.190353690E-03
 7.500003741E-01, 5.001460578E-02, 2.569954632E-03
 7.500003741E-01, 5.001518480E-02, 3.001432412E-03
 7.500003741E-01, 5.001576999E-02, 3.490375111E-03
 7.500003741E-01, 5.001636160E-02, 4.042869873E-03
 7.500003741E-01, 5.001695987E-02, 4.665543100E-03
 7.500003741E-01, 5.001756504E-02, 5.365604926E-03
 7.500003741E-01, 5.001817735E-02, 6.150896821E-03
 7.500003741E-01, 5.001879706E-02, 7.029942266E-03
 7.500003741E-01, 5.001942441E-02, 8.012001285E-03
 7.500003741E-01, 5.002005967E-02, 9.107129938E-03
 7.500003741E-01, 5.002070308E-02, 1.032624273E-02
 7.500003741E-01, 5.002135492E-02, 1.168118018E-02
 7.500003741E-01, 5.002201545E-02, 1.318478111E-02
 7.500003741E-01, 5.002268493E-02, 1.485095925E-02
 7.500003741E-01, 5.002336364E-02, 1.669478613E-02
 7.500003741E-01, 5.002405185E-02, 1.873257812E-02
 7.500003741E-01, 5.002474985E-02, 2.098198916E-02
 7.500003741E-01, 5.002545792E-02, 2.346211129E-02
 7.500003741E-01, 5.002617634E-02, 2.619357746E-02
 7.500003741E-01, 5.002690541E-02, 2.919867429E-02
 7.500003741E-01, 5.002764543E-02, 3.250145805E-02
 7.500003741E-01, 5.002839669E-02, 3.612787945E-02
 7.500003741E-01, 5.002915950E-02, 4.010591210E-02
 7.500003741E-01, 5.002993418E-02, 4.446569061E-02
 7.500003741E-01, 5.003072103E-02, 4.923965079E-02
 7.500003741E-01, 5.003152038E-02, 5.446268090E-02
 7.500003741E-01, 5.003233256E-02, 6.017227270E-02
 7.500003741E-01, 5.003315788E-02, 6.640868487E-02
 7.500003741E-01, 5.003399669E-02, 7.321510467E-02
 7.500003741E-01, 5.003484934E-02, 8.063781697E-02
 7.500003741E-01, 5.003571616E-02, 8.872637866E-02
 7.500003741E-01, 5.003659750E-02, 9.753379132E-02
 7.500003741E-01, 5.003749374E-02, 1.071166786E-01
 7.500003741E-01, 5.003840523E-02, 1.175354581E-01
 7.500003741E-01, 5.003933234E-02, 1.288545201E-01
 7.500003741E-01, 5.004027545E-02, 1.411423960E-01
 7.500003741E-01, 5.004123494E-02, 1.544719209E-01
 7.500003741E-01, 5.004221121E-02, 1.689203894E-01
 7.500003741E-01, 5.004320465E-02, 1.845697060E-01
 7.500003741E-01, 5.004421567E-02, 2.015065054E-01
 7.500003741E-01, 5.004524467E-02, 2.198222781E-01
 7.500003741E-01, 5.004629207E-02, 2.396134552E-01
 7.500003741E-01, 5.004735831E-02, 2.609814747E-01
 7.500003741E-01, 5.004844381E-02, 2.840328287E-01
 7.500003741E-01, 5.004954902E-02, 3.088790630E-01
 7.500003741E-01, 5.005067438E-02, 3.356367502E-01
 7.500003741E-01, 5.005182036E-02, 3.644274182E-01
 7.500003741E-01, 5.005298742E-02, 3.953774199E-01
 7.500003741E-01, 5.005417603E-02, 4.286177847E-01
 7.500003741E-01, 5.005538668E-02, 4.642839780E-01
 7.500003741E-01, 5.005661985E-02, 5.025156307E-01
 7.500003741E-01, 5.005787607E-02, 5.434561921E-01
 7.500003741E-01, 5.005915582E-02, 5.872525297E-01
 7.500003741E-01, 5.006045964E-02, 6.340544438E-01
 7.500003741E-01, 5.006178805E-02, 6.840141453E-01
 7.500003741E-01, 5.006314160E-02, 7.372856464E-01
 7.500003741E-01, 5.006452083E-02, 7.940240722E-01
 7.500003741E-01, 5.006592630E-02, 8.543849467E-01
 7.500003741E-01, 5.006735860E-02, 9.185233846E-01
 7.500003741E-01, 5.006881829E-02, 9.865932468E-01
 7.500003741E-01, 5.007030598E-02, 1.058746225E+00
 7.500003741E-01, 5.007182227E-02, 1.135130927E+00
 7.500003741E-01, 5.007336778E-02, 1.215891881E+00
 7.500003741E-01, 5.007494312E-02, 1.301168556E+00
 7.500003741E-01, 5.007654896E-02, 1.391094362E+00
 7.500003741E-01, 5.007818593E-02, 1.485795650E+00
 7.500003741E-01, 5.007985471E-02, 1.585390741E+00
 7.500003741E-01, 5.008155597E-02, 1.689989002E+00
 7.500003741E-01, 5.008329040E-02, 1.799689920E+00
 7.500003741E-01, 5.008505872E-02, 1.914582329E+00
 7.500003741E-01, 5.008686164E-02, 2.034743629E+00
 7.500003741E-01, 5.008869989E-02, 2.160239164E+00
 7.500003741E-01, 5.009057422E-02, 2.291121680E+00
 7.500003741E-01, 5.009248539E-02, 2.427430916E+00
 7.500003741E-01, 5.009443419E-02, 2.569193318E+00
 7.500003741E-01, 5.009642140E-02, 2.716421892E+00
 7.500003741E-01, 5.009844783E-02, 2.869116211E+00
 7.500003741E-01, 5.010051431E-02, 3.027262571E+00
 7.500003741E-01, 5.010262167E-02, 3.190834262E+00
 7.500003741E-01, 5.010477078E-02, 3.359792019E+00
 7.500003741E-01, 5.010696251E-02, 3.534084634E+00
 7.500003741E-01, 5.010919775E-02, 3.713649575E+00
 7.500003741E-01, 5.011147741E-02, 3.898413905E+00
 7.500003741E-01, 5.011380241E-02, 4.088295128E+00
 7.500003741E-01, 5.011617371E-02, 4.283202256E+00
 7.500003741E-01, 5.011859226E-02, 4.483036882E+00
 7.500003741E-01, 5.012105905E-02, 4.687694301E+00
 7.500003741E-01, 5.012357509E-02, 4.897064699E+00
 7.500003741E-01, 5.012614139E-02, 5.111034382E+00
 7.500003741E-01, 5.012875901E-02, 5.329486903E+00
 7.500003741E-01, 5.013142900E-02, 5.552304298E+00
 7.500003741E-01, 5.013415246E-02, 5.779368215E+00
 7.500003741E-01, 5.013693048E-02, 6.010560989E+00
 7.500003741E-01, 5.013976421E-02, 6.245766710E+00
 7.500003741E-01, 5.014265478E-02, 6.484872156E+00
 7.500003741E-01, 5.014560339E-02, 6.727767735E+00
 7.500003741E-01, 5.014861122E-02, 6.974348200E+00
 7.500003741E-01, 5.015167951E-02, 7.224513449E+00
 7.500003741E-01, 5.015480949E-02, 7.478169047E+00
 7.500003741E-01, 5.015800245E-02, 7.735226829E+00
 7.500003741E-01, 5.016125968E-02, 7.995605255E+00
 7.500003741E-01, 5.016458250E-02, 8.259229774E+00
 7.500003741E-01, 5.016797228E-02, 8.526033072E+00
 7.500003741E-01, 5.017143038E-02, 8.795955190E+00
 7.500003741E-01, 5.017495821E-02, 9.068943647E+00
 7.500003741E-01, 5.017855721E-02, 9.344953402E+00
 7.500003741E-01, 5.018222885E-02, 9.623946813E+00
 7.500003741E-01, 5.018597461E-02, 9.905893539E+00
 7.500003741E-01, 5.018979602E-02, 1.019077029E+01
 7.500003741E-01, 5.019369464E-02, 1.047856069E+01
 7.500003741E-01, 5.019767204E-02, 1.076925496E+01
 7.500003741E-01, 5.020172986E-02, 1.106284964E+01
 7.500003741E-01, 5.020586973E-02, 1.135934727E+01
 7.500003741E-01, 5.021009334E-02, 1.165875607E+01
 7.500003741E-01, 5.021440242E-02, 1.196108953E+01
 7.500003741E-01, 5.021879871E-02, 1.226636609E+01
 7.500003741E-01, 5.022328400E-02, 1.257460876E+01
 7.500003741E-01, 5.022786012E-02, 1.288584472E+01
 7.500003741E-01, 5.023252892E-02, 1.320010496E+01
 7.500003741E-01, 5.023729231E-02, 1.351742392E+01
 7.500003741E-01, 5.024215223E-02, 1.383783910E+01
 7.500003741E-01, 5.024711064E-02, 1.416139073E+01
 7.500003741E-01, 5.025216958E-02, 1.448812141E+01
 7.500003741E-01, 5.025733109E-02, 1.481807577E+01
 7.500003741E-01, 5.026259727E-02, 1.515130017E+01
 7.500003741E-01, 5.026797028E-02, 1.548784237E+01
 7.500003741E-01, 5.027345228E-02, 1.582775123E+01
 7.500003741E-01, 5.027904552E-02, 1.617107648E+01
 7.500003741E-01, 5.028475227E-02, 1.651786837E+01
 7.500003741E-01, 5.029057485E-02, 1.686817752E+01
 7.500003741E-01, 5.029651563E-02, 1.722205460E+01
 7.500003741E-01, 5.030257702E-02, 1.757955014E+01
 7.500003741E-01, 5.030876149E-02, 1.794071431E+01
 7.500003741E-01, 5.031507156E-02, 1.830559676E+01
 7.500003741E-01, 5.032150979E-02, 1.867424637E+01
 7.500003741E-01, 5.032807880E-02, 1.904671115E+01
 7.500003741E-01, 5.033478126E-02, 1.942303801E+01
 7.500003741E-01, 5.034161991E-02, 1.980327266E+01
 7.500003741E-01, 5.034859752E-02, 2.018745945E+01
 7.500003741E-01, 5.035571692E-02, 2.057564124E+01
 7.500003741E-01, 5.036298103E-02, 2.096785928E+01
 7.500003741E-01, 5.037039278E-02, 2.136415310E+01
 7.500003741E-01, 5.037795520E-02, 2.176456039E+01
 7.500003741E-01, 5.038567136E-02, 2.216911691E+01
 7.500003741E-01, 5.039354440E-02, 2.257785641E+01
 7.500003741E-01, 5.040157753E-02, 2.299081053E+01
 7.500003741E-01, 5.040977401E-02, 2.340800871E+01
 7.500003741E-01, 5.041813717E-02, 2.382947813E+01
 7.500003741E-01, 5.042667042E-02, 2.425524365E+01
 7.500003741E-01, 5.043537722E-02, 2.468532770E+01
 7.500003741E-01, 5.044426113E-02, 2.511975028E+01
 7.500003741E-01, 5.045332575E-02, 2.555852882E+01
 7.500003741E-01, 5.046257477E-02, 2.600167820E+01
 7.500003741E-01, 5.047201195E-02, 2.644921066E+01
 7.500003741E-01, 5.048164113E-02, 2.690113574E+01
 7.500003741E-01, 5.049146623E-02, 2.735746024E+01
 7.500003741E-01, 5.050149125E-02, 2.781818819E+01
 7.500003741E-01, 5.051172026E-02, 2.828332078E+01
 7.500003741E-01, 5.052215742E-02, 2.875285630E+01
 7.500003741E-01, 5.053280699E-02, 2.922679015E+01
 7.500003741E-01, 5.054367328E-02, 2.970511474E+01
 7.500003741E-01, 5.055476073E-02, 3.018781949E+01
 7.500003741E-01, 5.056607383E-02, 3.067489076E+01
 7.500003741E-01, 5.057761720E-02, 3.116631181E+01
 7.500003741E-01, 5.058939553E-02, 3.166206277E+01
 7.500003741E-01, 5.060141361E-02, 3.216212061E+01
 7.500003741E-01, 5.061367632E-02, 3.266645907E+01
 7.500003741E-01, 5.062618867E-02, 3.317504864E+01
 7.500003741E-01, 5.063895572E-02, 3.368785648E+01
 7.500003741E-01, 5.065198269E-02, 3.420484647E+01
 7.500003741E-01, 5.066527487E-02, 3.472597906E+01
 7.500003741E-01, 5.067883766E-02, 3.525121128E+01
 7.500003741E-01, 5.069267659E-02, 3.578049673E+01
 7.500003741E-01, 5.070679727E-02, 3.631378546E+01
 7.500003741E-01, 5.072120546E-02, 3.685102400E+01
 7.500003741E-01, 5.073590702E-02, 3.739215526E+01
 7.500003741E-01, 5.075090792E-02, 3.793711854E+01
 7.500003741E-01, 5.076621428E-02, 3.848584944E+01
 7.500003741E-01, 5.078183230E-02, 3.903827987E+01
 7.500003741E-01, 5.079776836E-02, 3.959433793E+01
 7.500003741E-01, 5.081402892E-02, 4.015394795E+01
 7.500003741E-01, 5.083062061E-02, 4.071703039E+01
 7.500003741E-01, 5.084755017E-02, 4.128350182E+01
 7.500003741E-01, 5.086482449E-02, 4.185327487E+01
 7.500003741E-01, 5.088245060E-02, 4.242625818E+01
 7.500003741E-01, 5.090043566E-02, 4.300235639E+01
 7.500003741E-01, 5.091878699E-02, 4.358147005E+01
 7.500003741E-01, 5.093751206E-02, 4.416349562E+01
 7.500003741E-01, 5.095661849E-02, 4.474832540E+01
 7.500003741E-01, 5.097611404E-02, 4.533584750E+01
 7.500003741E-01, 5.099600665E-02, 4.592594581E+01
 7.500003741E-01, 5.101630440E-02, 4.651849993E+01
 7.500003741E-01, 5.103701556E-02, 4.711338517E+01
 7.500003741E-01, 5.105814854E-02, 4.771047247E+01
 7.500003741E-01, 5.107971195E-02, 4.830962837E+01
 7.500003741E-01, 5.110171456E-02, 4.891071502E+01
 7.500003741E-01, 5.112416531E-02, 4.951359007E+01
 7.500003741E-01, 5.114707335E-02, 5.011810667E+01
 7.500003741E-01, 5.117044797E-02, 5.072411342E+01
 7.500003741E-01, 5.119429871E-02, 5.133145436E+01
 7.500003741E-01, 5.121863525E-02, 5.193996887E+01
 7.500003741E-01, 5.124346750E-02, 5.254949171E+01
 7.500003741E-01, 5.126880555E-02, 5.315985289E+01
 7.500003741E-01, 5.129465972E-02, 5.377087771E+01
 7.500003741E-01, 5.132104052E-02, 5.438238666E+01
 7.500003741E-01, 5.134795868E-02, 5.499419541E+01
 7.500003741E-01, 5.137542515E-02, 5.560611472E+01
 7.500003741E-01, 5.140345111E-02, 5.621795042E+01
 7.500003741E-01, 5.143204795E-02, 5.682950336E+01
 7.500003741E-01, 5.146122731E-02, 5.744056932E+01
 7.500003741E-01, 5.149100105E-02, 5.805093896E+01
 7.500003741E-01, 5.152138129E-02, 5.866039774E+01
 7.500003741E-01, 5.155238038E-02, 5.926872585E+01
 7.500003741E-01, 5.158401094E-02, 5.987569810E+01
 7.500003741E-01, 5.161628583E-02, 6.048108384E+01
 7.500003741E-01, 5.164921817E-02, 6.108464686E+01
 7.500003741E-01, 5.168282138E-02, 6.168614522E+01
 7.500003741E-01, 5.171710910E-02, 6.228533116E+01
 7.500003741E-01, 5.175209530E-02, 6.288195093E+01
 7.500003741E-01, 5.178779420E-02, 6.347574461E+01
 7.500003741E-01, 5.182422032E-02, 6.406644593E+01
 7.500003741E-01, 5.186138849E-02, 6.465378207E+01
 7.500003741E-01, 5.189931381E-02, 6.523747340E+01
 7.500003741E-01, 5.193801172E-02, 6.581723323E+01
 7.500003741E-01, 5.197749796E-02, 6.639276752E+01
 7.500003741E-01, 5.201778858E-02, 6.696377456E+01
 7.500003741E-01, 5.205889999E-02, 6.752994461E+01
 7.500003741E-01, 5.210084890E-02, 6.809095950E+01
 7.500003741E-01, 5.214365237E-02, 6.864649224E+01
 7.500003741E-01, 5.218732782E-02, 6.919620647E+01
 7.500003741E-01, 5.223189301E-02, 6.973975601E+01
 7.500003741E-01, 5.227736607E-02, 7.027678424E+01
 7.500003741E-01, 5.232376550E-02, 7.080692350E+01
 7.500003741E-01, 5.237111017E-02, 7.132979442E+01
 7.500003741E-01, 5.241941935E-02, 7.184500513E+01
 7.500003741E-01, 5.246871267E-02, 7.235215050E+01
 7.500003741E-01, 5.251901019E-02, 7.285081127E+01
 7.500003741E-01, 5.257033237E-02, 7.334055306E+01
 7.500003741E-01, 5.262270009E-02, 7.382092539E+01
 7.500003741E-01, 5.267613465E-02, 7.429146060E+01
 7.500003741E-01, 5.273065779E-02, 7.475167262E+01
 7.500003741E-01, 5.278629168E-02, 7.520105574E+01
 7.500003741E-01, 5.284305895E-02, 7.563908325E+01
 7.500003741E-01, 5.290098270E-02, 7.606520603E+01
 7.500003741E-01, 5.296008648E-02, 7.647885096E+01
 7.500003741E-01, 5.302039434E-02, 7.687941937E+01
 7.500003741E-01, 5.308193081E-02, 7.726628524E+01
 7.500003741E-01, 5.314472093E-02, 7.763879344E+01
 7.500003741E-01, 5.320879022E-02, 7.799625778E+01
 7.500003741E-01, 5.327416476E-02, 7.833795902E+01
 7.500003741E-01, 5.334087113E-02, 7.866314273E+01
 7.500003741E-01, 5.340893648E-02, 7.897101712E+01
 7.500003741E-01, 5.347838848E-02, 7.926075072E+01
 7.500003741E-01, 5.354925539E-02, 7.953147001E+01
 7.500003741E-01, 5.362156604E-02, 7.978225693E+01
 7.500003741E-01, 5.369534983E-02, 8.001214634E+01
 7.500003741E-01, 5.377063679E-02, 8.022012339E+01
 7.500003741E-01, 5.384745753E-02, 8.040512084E+01
 7.500003741E-01, 5.392584331E-02, 8.056601628E+01
 7.500003741E-01, 5.400582601E-02, 8.070162936E+01
 7.500003741E-01, 5.408743816E-02, 8.081071894E+01
 7.500003741E-01, 5.417071297E-02, 8.089198020E+01
 7.500003741E-01, 5.425568430E-02, 8.094404181E+01
 7.500003741E-01, 5.434238672E-02, 8.096546300E+01
 7.500003741E-01, 5.443085550E-02, 8.095473073E+01
 7.500003741E-01, 5.452112663E-02, 8.091025682E+01
 7.500003741E-01, 5.461323682E-02, 8.083037521E+01
 7.500003741E-01, 5.470722354E-02, 8.071333923E+01
 7.500003741E-01, 5.480312502E-02, 8.055731894E+01
 7.500003741E-01, 5.490098028E-02, 8.036039871E+01
 7.500003741E-01, 5.500082911E-02, 8.012057475E+01
 7.500003741E-01, 5.510271214E-02, 7.983575299E+01
 7.500003741E-01, 5.520667080E-02, 7.950374699E+01
 7.500003741E-01, 5.531274739E-02, 7.912227621E+01
 7.500003741E-01, 5.542098505E-02, 7.868896447E+01
 7.500003741E-01, 5.553142781E-02, 7.820133868E+01
 7.500003741E-01, 5.564412060E-02, 7.765682802E+01
 7.500003741E-01, 5.575910925E-02, 7.705276338E+01
 7.500003741E-01, 5.587644054E-02, 7.638637735E+01
 7.500003741E-01, 5.599616220E-02, 7.565480465E+01
 7.500003741E-01, 5.611832292E-02, 7.485508321E+01
 7.500003741E-01, 5.624297241E-02, 7.398415587E+01
 7.500003741E-01, 5.637016135E-02, 7.303887289E+01
 7.500003741E-01, 5.649994149E-02, 7.201599531E+01
 7.500003741E-01, 5.663236562E-02, 7.091219937E+01
 7.500003741E-01, 5.676748760E-02, 6.972408218E+01
 7.500003741E-01, 5.690536241E-02, 6.844816866E+01
 7.500003741E-01, 5.704604611E-02, 6.708092030E+01
 7.500003741E-01, 5.718959595E-02, 6.561874568E+01
 7.500003741E-01, 5.733607030E-02, 6.405801347E+01
 7.500003741E-01, 5.748552876E-02, 6.239506802E+01
 7.500003741E-01, 5.763803211E-02, 6.062624832E+01
 7.500003741E-01, 5.779364240E-02, 5.874791086E+01
 7.500003741E-01, 5.795242291E-02, 5.675645719E+01
 7.500003741E-01, 5.811443824E-02, 5.464836720E+01
 7.500003741E-01, 5.827975429E-02, 5.242023874E+01
 7.500003741E-01, 5.844843831E-02, 5.006883490E+01
 7.500003741E-01, 5.862055890E-02, 4.759113966E+01
 7.500003741E-01, 5.879618610E-02, 4.498442247E+01
 7.500003741E-01, 5.897539132E-02, 4.224631035E+01
 7.500003741E-01, 5.915824748E-02, 3.937486244E+01
 7.500003741E-01, 5.934482894E-02, 3.636863248E+01
 7.500003741E-01, 5.953521161E-02, 3.322668399E+01
 7.500003741E-01, 5.972947294E-02, 2.994847607E+01
 7.500003741E-01, 5.992769193E-02, 2.653343609E+01
 7.500003741E-01, 6.012994922E-02, 2.297983115E+01
 7.500003741E-01, 6.033632708E-02, 1.928227014E+01
 7.500003741E-01, 6.054690946E-02, 1.542777029E+01
 7.500003741E-01, 6.076178201E-02, 1.139956221E+01
 7.500003741E-01, 6.098103215E-02, 7.268679780E+00
 7.500003741E-01, 6.120474906E-02, 3.511747271E+00
 7.500003741E-01, 6.143302374E-02, 1.233647746E+00
 7.500003741E-01, 6.166594904E-02, 4.554973207E-01
 7.500003741E-01, 6.190361971E-02, 2.577075833E-01
 7.500003741E-01, 6.214613243E-02, 2.068365194E-01
 7.500003741E-01, 6.239358584E-02, 1.931990330E-01
 7.500003741E-01, 6.264608061E-02, 1.897511638E-01
 7.500003741E-01, 6.290371944E-02, 1.891774814E-01
 7.500003741E-01, 6.316660713E-02, 1.894104360E-01
 7.500003741E-01, 6.343485061E-02, 1.898590626E-01
 7.500003741E-01, 6.370855900E-02, 1.903550410E-01
 7.500003741E-01, 6.398784364E-02, 1.908512564E-01
 7.500003741E-01, 6.427281813E-02, 1.913351103E-01
 7.500003741E-01, 6.456359839E-02, 1.918036552E-01
 7.500003741E-01, 6.486030271E-02, 1.922565689E-01
 7.500003741E-01, 6.516305176E-02, 1.926942094E-01
 7.500003741E-01, 6.547196870E-02, 1.931170923E-01
 7.500003741E-01, 6.578717920E-02, 1.935257560E-01
 7.500003741E-01, 6.610881146E-02, 1.939207279E-01
 7.500003741E-01, 6.643699632E-02, 1.943025178E-01
 7.500003741E-01, 6.677186728E-02, 1.946716166E-01
 7.500003741E-01, 6.711356055E-02, 1.950284966E-01
 7.500003741E-01, 6.746221512E-02, 1.953736124E-01
 7.500003741E-01, 6.781797282E-02, 1.957074019E-01
 7.500003741E-01, 6.818097835E-02, 1.960302864E-01
 7.500003741E-01, 6.855137938E-02, 1.963426721E-01
 7.500003741E-01, 6.892932657E-02, 1.966449500E-01
 7.500003741E-01, 6.931497367E-02, 1.969374970E-01
 7.500003741E-01, 6.970847753E-02, 1.972206765E-01
 7.500003741E-01, 7.010999824E-02, 1.974948388E-01
 7.500003741E-01, 7.051969912E-02, 1.977603214E-01
 7.500003741E-01, 7.093774681E-02, 1.980174503E-01
 7.500003741E-01, 7.136431138E-02, 1.982665395E-01
 7.500003741E-01, 7.179956633E-02, 1.985078924E-01
 7.500003741E-01, 7.224368871E-02, 1.987418014E-01
 7.500003741E-01, 7.269685919E-02, 1.989685488E-01
 7.500003741E-01, 7.315926209E-02, 1.991884073E-01
 7.500003741E-01, 7.363108550E-02, 1.994016399E-01
 7.500003741E-01, 7.411252136E-02, 1.996085005E-01
 7.500003741E-01, 7.460376550E-02, 1.998092343E-01
 7.500003741E-01, 7.510501774E-02, 2.000040781E-01
 7.500003741E-01, 7.561648197E-02, 2.001932604E-01
 7.500003741E-01, 7.613836625E-02, 2.003770019E-01
 7.500003741E-01, 7.667088286E-02, 2.005555158E-01
 7.500003741E-01, 7.721424841E-02, 2.007290079E-01
 7.500003741E-01, 7.776868394E-02, 2.008976769E-01
 7.500003741E-01, 7.833441496E-02, 2.010617146E-01
 7.500003741E-01, 7.891167160E-02, 2.012213063E-01
 7.500003741E-01, 7.950068867E-02, 2.013766305E-01
 7.500003741E-01, 8.010170578E-02, 2.015278599E-01
 7.500003741E-01, 8.071496738E-02, 2.016751606E-01
 7.500003741E-01, 8.134072295E-02, 2.018186932E-01
 7.500003741E-01, 8.197922701E-02, 2.019586122E-01
 7.500003741E-01, 8.263073930E-02, 2.020950667E-01
 7.500003741E-01, 8.329552484E-02, 2.022282001E-01
 7.500003741E-01, 8.397385403E-02, 2.023581506E-01
 7.500003741E-01, 8.466600280E-02, 2.024850514E-01
 7.500003741E-01, 8.537225269E-02, 2.026090304E-01
 7.500003741E-01, 8.609289100E-02, 2.027302106E-01
 7.500003741E-01, 8.682821085E-02, 2.028487100E-01
 7.500003741E-01, 8.757851136E-02, 2.029646427E-01
 7.500003741E-01, 8.834409771E-02, 2.030781181E-01
 7.500003741E-01, 8.912528134E-02, 2.031892411E-01
 7.500003741E-01, 8.992238000E-02, 2.032981123E-01
 7.500003741E-01, 9.073571793E-02, 2.034048282E-01
 7.500003741E-01, 9.156562597E-02, 2.035094815E-01
 7.500003741E-01, 9.241244170E-02, 2.036121608E-01
 7.500003741E-01, 9.327650959E-02, 2.037129509E-01
 7.500003741E-01, 9.415818112E-02, 2.038119333E-01
 7.500003741E-01, 9.505781491E-02, 2.039091855E-01
 7.500003741E-01, 9.597577692E-02, 2.040047819E-01
 7.500003741E-01, 9.691244055E-02, 2.040987935E-01
 7.500003741E-01, 9.786818680E-02, 2.041912880E-01
 7.500003741E-01, 9.884340444E-02, 2.042823299E-01
 7.500003741E-01, 9.983849017E-02, 2.043719808E-01
 7.500003741E-01, 1.008538488E-01, 2.044602995E-01
 7.500003741E-01, 1.018898932E-01, 2.045473417E-01
 7.500003741E-01, 1.029470450E-01, 2.046331606E-01
 7.500003741E-01, 1.040257341E-01, 2.047178066E-01
 7.500003741E-01, 1.051263993E-01, 2.048013276E-01
 7.500003741E-01, 1.062494883E-01, 2.048837692E-01
 7.500003741E-01, 1.073954580E-01, 2.049651743E-01
 7.500003741E-01, 1.085647745E-01, 2.050455839E-01
 7.500003741E-01, 1.097579135E-01, 2.051250365E-01
 7.500003741E-01, 1.109753602E-01, 2.052035686E-01
 7.500003741E-01, 1.122176100E-01, 2.052812144E-01
 7.500003741E-01, 1.134851681E-01, 2.053580065E-01
 7.500003741E-01, 1.147785501E-01, 2.054339752E-01
 7.500003741E-01, 1.160982821E-01, 2.055091492E-01
 7.500003741E-01, 1.174449011E-01, 2.055835553E-01
 7.500003741E-01, 1.188189546E-01, 2.056572186E-01
 7.500003741E-01, 1.202210018E-01, 2.057301625E-01
 7.500003741E-01, 1.216516128E-01, 2.058024090E-01
 7.500003741E-01, 1.231113696E-01, 2.058739782E-01
 7.500003741E-01, 1.246008659E-01, 2.059448891E-01
 7.500003741E-01, 1.261207078E-01, 2.060151590E-01
 7.500003741E-01, 1.276715134E-01, 2.060848041E-01
 7.500003741E-01, 1.292539135E-01, 2.061538391E-01
 7.500003741E-01, 1.308685518E-01, 2.062222775E-01
 7.500003741E-01, 1.325160850E-01, 2.062901316E-01
 7.500003741E-01, 1.341971835E-01, 2.063574125E-01
 7.500003741E-01, 1.359125309E-01, 2.064241302E-01
 7.500003741E-01, 1.376628250E-01, 2.064902937E-01
 7.500003741E-01, 1.394487779E-01, 2.065559110E-01
 7.500003741E-01, 1.412711159E-01, 2.066209891E-01
 7.500003741E-01, 1.431305804E-01, 2.066855340E-01
 7.500003741E-01, 1.450279277E-01, 2.067495510E-01
 7.500003741E-01, 1.469639296E-01, 2.068130445E-01
 7.500003741E-01, 1.489393736E-01, 2.068760180E-01
 7.500003741E-01, 1.509550633E-01, 2.069384743E-01
 7.500003741E-01, 1.530118187E-01, 2.070004157E-01
 7.500003741E-01, 1.551104762E-01, 2.070618435E-01
 7.500003741E-01, 1.572518896E-01, 2.071227587E-01
 7.500003741E-01, 1.594369300E-01, 2.071831614E-01
 7.500003741E-01, 1.616664862E-01, 2.072430514E-01
 7.500003741E-01, 1.639414651E-01, 2.073024279E-01
 7.500003741E-01, 1.662627921E-01, 2.073612895E-01
 7.500003741E-01, 1.686314114E-01, 2.074196347E-01
 7.500003741E-01, 1.710482865E-01, 2.074774611E-01
 7.500003741E-01, 1.735144006E-01, 2.075347664E-01
 7.500003741E-01, 1.760307567E-01, 2.075915476E-01
 7.500003741E-01, 1.785983786E-01, 2.076478017E-01
 7.500003741E-01, 1.812183105E-01, 2.077035251E-01
 7.500003741E-01, 1.838916182E-01, 2.077587144E-01
 7.500003741E-01, 1.866193892E-01, 2.078133655E-01
 7.500003741E-01, 1.894027330E-01, 2.078674744E-01
 7.500003741E-01, 1.922427818E-01, 2.079210370E-01
 7.500003741E-01, 1.951406909E-01, 2.079740488E-01
 7.500003741E-01, 1.980976389E-01, 2.080265055E-01
 7.500003741E-01, 2.011148288E-01, 2.080784027E-01
 7.500003740E-01, 2.041934879E-01, 2.081297357E-01
 7.500003740E-01, 2.073348684E-01, 2.081805000E-01
 7.500003740E-01, 2.105402482E-01, 2.082306912E-01
 7.500003740E-01, 2.138109311E-01, 2.082803048E-01
 7.500003740E-01, 2.171482475E-01, 2.083293362E-01
 7.500003740E-01, 2.205535551E-01, 2.083777813E-01
 7.500003740E-01, 2.240282388E-01, 2.084256357E-01
 7.500003740E-01, 2.275737123E-01, 2.084728955E-01
 7.500003740E-01, 2.311914175E-01, 2.085195566E-01
 7.500003740E-01, 2.348828262E-01, 2.085656154E-01
 7.500003740E-01, 2.386494399E-01, 2.086110683E-01
 7.500003740E-01, 2.424927908E-01, 2.086559121E-01
 7.500003740E-01, 2.464144421E-01, 2.087001437E-01
 7.500003740E-01, 2.504159891E-01, 2.087437606E-01
 7.500003740E-01, 2.544990596E-01, 2.087867606E-01
 7.500003740E-01, 2.586653143E-01, 2.088291421E-01
 7.500003740E-01, 2.629164481E-01, 2.088709044E-01
 7.500003740E-01, 2.672541901E-01, 2.089120479E-01
 7.500003740E-01, 2.716803049E-01, 2.089525750E-01
 7.500003740E-01, 2.761965928E-01, 2.089924906E-01
 7.500003740E-01, 2.808048909E-01, 2.090318034E-01
 7.500003740E-01, 2.855070738E-01, 2.090705272E-01
 7.500003740E-01, 2.903050541E-01, 2.091086822E-01
 7.500003740E-01, 2.952007836E-01, 2.091462954E-01
 7.500003740E-01, 3.001962536E-01, 2.091834004E-01
 7.500003740E-01, 3.052934963E-01, 2.092200341E-01
 7.500003740E-01, 3.104945849E-01, 2.092562308E-01
 7.500003740E-01, 3.158016352E-01, 2.092920141E-01
 7.500003740E-01, 3.212168060E-01, 2.093273869E-01
 7.500003740E-01, 3.267422999E-01, 2.093623251E-01
 7.500003740E-01, 3.323803645E-01, 2.093967771E-01
 7.500003740E-01, 3.381332933E-01, 2.094306733E-01
 7.500003740E-01, 3.440034264E-01, 2.094639429E-01
 7.500003740E-01, 3.499931516E-01, 2.094965289E-01
 7.500003740E-01, 3.561049053E-01, 2.095283846E-01
 7.500003740E-01, 3.623411737E-01, 2.095594495E-01
 7.500003740E-01, 3.687044934E-01, 2.095896475E-01
 7.500003740E-01, 3.751974529E-01, 2.096189319E-01
 7.500003739E-01, 3.818226932E-01, 2.096473105E-01
 7.500003739E-01, 3.885829095E-01, 2.096748265E-01
 7.500003739E-01, 3.954808515E-01, 2.097015330E-01
 7.500003739E-01, 4.025193251E-01, 2.097274803E-01
 7.500003739E-01, 4.097011933E-01, 2.097527117E-01
 7.500003739E-01, 4.170293776E-01, 2.097772633E-01
 7.500003739E-01, 4.245068588E-01, 2.098011652E-01
 7.500003739E-01, 4.321366786E-01, 2.098244425E-01
 7.500003739E-01, 4.399219406E-01, 2.098471163E-01
 7.500003739E-01, 4.478658114E-01, 2.098692048E-01
 7.500003739E-01, 4.559715226E-01, 2.098907239E-01
 7.500003739E-01, 4.642423713E-01, 2.099116879E-01
 7.500003739E-01, 4.726817218E-01, 2.099321094E-01
 7.500003739E-01, 4.812930070E-01, 2.099520004E-01
 7.500003739E-01, 4.900797296E-01, 2.099713718E-01
 7.500003739E-01, 4.990454640E-01, 2.099902342E-01
 7.500003739E-01, 5.081938571E-01, 2.100085976E-01
 7.500003739E-01, 5.175286302E-01, 2.100264717E-01
 7.500003739E-01, 5.270535804E-01, 2.100438660E-01
 7.500003739E-01, 5.367725823E-01, 2.100607898E-01
 7.500003739E-01, 5.466895891E-01, 2.100772522E-01
 7.500003738E-01, 5.568086348E-01, 2.100932623E-01
 7.500003738E-01, 5.671338357E-01, 2.101088290E-01
 7.500003738E-01, 5.776693916E-01, 2.101239612E-01
 7.500003738E-01, 5.884195882E-01, 2.101386677E-01
 7.500003738E-01, 5.993887983E-01, 2.101529573E-01
 7.500003738E-01, 6.105814839E-01, 2.101668386E-01
 7.500003738E-01, 6.220021978E-01, 2.101803205E-01
 7.500003738E-01, 6.336555856E-01, 2.101934114E-01
 7.500003738E-01, 6.455463876E-01, 2.102061199E-01
 7.500003738E-01, 6.576794407E-01, 2.102184545E-01
 7.500003738E-01, 6.700596802E-01, 2.102304237E-01
 7.500003738E-01, 6.826921421E-01, 2.102420359E-01
 7.500003738E-01, 6.955819647E-01, 2.102532992E-01
 7.500003738E-01, 7.087343915E-01, 2.102642221E-01
 7.500003738E-01, 7.221547723E-01, 2.102748126E-01
 7.500003737E-01, 7.358485663E-01, 2.102850787E-01
 7.500003737E-01, 7.498213436E-01, 2.102950285E-01
 7.500003737E-01, 7.640787880E-01, 2.103046699E-01
 7.500003737E-01, 7.786266990E-01, 2.103140105E-01
 7.500003737E-01, 7.934709942E-01, 2.103230582E-01
 7.500003737E-01, 8.086177120E-01, 2.103318205E-01
 7.500003737E-01, 8.240730134E-01, 2.103403049E-01
 7.500003737E-01, 8.398431854E-01, 2.103485187E-01
 7.500003737E-01, 8.559346427E-01, 2.103564692E-01
 7.500003737E-01, 8.723539310E-01, 2.103641635E-01
 7.500003737E-01, 8.891077290E-01, 2.103716086E-01
 7.500003736E-01, 9.062028517E-01, 2.103788114E-01
 7.500003736E-01, 9.236462530E-01, 2.103857786E-01
 7.500003736E-01, 9.414450283E-01, 2.103925170E-01
 7.500003736E-01, 9.596064177E-01, 2.103990330E-01
 7.500003736E-01, 9.781378087E-01, 2.104053329E-01
 7.500003736E-01, 9.970467392E-01, 2.104114231E-01
 7.500003736E-01, 1.016340901E+00, 2.104173097E-01
 7.500003736E-01, 1.036028142E+00, 2.104229986E-01
 7.500003736E-01, 1.056116471E+00, 2.104284957E-01
 7.500003735E-01, 1.076614059E+00, 2.104338068E-01
 7.500003735E-01, 1.097529244E+00, 2.104389375E-01
 7.500003735E-01, 1.118870534E+00, 2.104438931E-01
 7.500003735E-01, 1.140646609E+00, 2.104486792E-01
 7.500003735E-01, 1.162866328E+00, 2.104533008E-01
 7.500003735E-01, 1.185538728E+00, 2.104577631E-01
 7.500003735E-01, 1.208673033E+00, 2.104620710E-01
 7.500003735E-01, 1.232278652E+00, 2.104662294E-01
 7.500003734E-01, 1.256365188E+00, 2.104702430E-01
 7.500003734E-01, 1.280942439E+00, 2.104741164E-01
 7.500003734E-01, 1.306020402E+00, 2.104778540E-01
 7.500003734E-01, 1.331609277E+00, 2.104814602E-01
 7.500003734E-01, 1.357719473E+00, 2.104849392E-01
 7.500003734E-01, 1.384361613E+00, 2.104882951E-01
 7.500003734E-01, 1.411546531E+00, 2.104915319E-01
 7.500003733E-01, 1.439285288E+00, 2.104946536E-01
 7.500003733E-01, 1.467589166E+00, 2.104976639E-01
 7.500003733E-01, 1.496469678E+00, 2.105005664E-01
 7.500003733E-01, 1.525938572E+00, 2.105033647E-01
 7.500003733E-01, 1.556007835E+00, 2.105060623E-01
 7.500003733E-01, 1.586689698E+00, 2.105086625E-01
 7.500003732E-01, 1.617996643E+00, 2.105111686E-01
 7.500003732E-01, 1.649941403E+00, 2.105135837E-01
 7.500003732E-01, 1.682536973E+00, 2.105159108E-01
 7.500003732E-01, 1.715796611E+00, 2.105181530E-01
 7.500003732E-01, 1.749733848E+00, 2.105203131E-01
 7.500003731E-01, 1.784362487E+00, 2.105223939E-01
 7.500003731E-01, 1.819696615E+00, 2.105243980E-01
 7.500003731E-01, 1.855750604E+00, 2.105263281E-01
 7.500003731E-01, 1.892539120E+00, 2.105281867E-01
 7.500003731E-01, 1.930077127E+00, 2.105299762E-01
 7.500003730E-01, 1.968379896E+00, 2.105316989E-01
 7.500003730E-01, 2.007463006E+00, 2.105333572E-01
 7.500003730E-01, 2.047342356E+00, 2.105349532E-01
 7.500003730E-01, 2.088034166E+00, 2.105364890E-01
 7.500003729E-01, 2.129554990E+00, 2.105379668E-01
 7.500003729E-01, 2.171921717E+00, 2.105393884E-01
 7.500003729E-01, 2.215151580E+00, 2.105407557E-01
 7.500003729E-01, 2.259262164E+00, 2.105420707E-01
 7.500003728E-01, 2.304271411E+00, 2.105433351E-01
 7.500003728E-01, 2.350197632E+00, 2.105445505E-01
 7.500003728E-01, 2.397059506E+00, 2.105457187E-01
 7.500003728E-01, 2.444876096E+00, 2.105468412E-01
 7.500003727E-01, 2.493666852E+00, 2.105479194E-01
 7.500003727E-01, 2.543451622E+00, 2.105489550E-01
 7.500003727E-01, 2.594250655E+00, 2.105499492E-01
 7.500003726E-01, 2.646084616E+00, 2.105509034E-01
 7.500003726E-01, 2.698974589E+00, 2.105518189E-01
 7.500003726E-01, 2.752942088E+00, 2.105526969E-01
 7.500003725E-01, 2.808009066E+00, 2.105535386E-01
 7.500003725E-01, 2.864197922E+00, 2.105543451E-01
 7.500003725E-01, 2.921531512E+00, 2.105551175E-01
 7.500003724E-01, 2.980033159E+00, 2.105558567E-01
 7.500003724E-01, 3.039726658E+00, 2.105565638E-01
 7.500003724E-01, 3.100636291E+00, 2.105572396E-01
 7.500003723E-01, 3.162786835E+00, 2.105578849E-01
 7.500003723E-01, 3.226203571E+00, 2.105585007E-01
 7.500003723E-01, 3.290912294E+00, 2.105590876E-01
 7.500003722E-01, 3.356939327E+00, 2.105596463E-01
 7.500003722E-01, 3.424311527E+00, 2.105601775E-01
 7.500003722E-01, 3.493056299E+00, 2.105606817E-01
 7.500003721E-01, 3.563201607E+00, 2.105611594E-01
 7.500003721E-01, 3.634775983E+00, 2.105616112E-01
 7.500003720E-01, 3.707808543E+00, 2.105620373E-01
 7.500003720E-01, 3.782328993E+00, 2.105624382E-01
 7.500003719E-01, 3.858367647E+00, 2.105628140E-01
 7.500003719E-01, 3.935955435E+00, 2.105631651E-01
 7.500003718E-01, 4.015123917E+00, 2.105634914E-01
 7.500003718E-01, 4.095905296E+00, 2.105637931E-01
 7.500003718E-01, 4.178332433E+00, 2.105640699E-01
 7.500003717E-01, 4.262438856E+00, 2.105643219E-01
 7.500003717E-01, 4.348258777E+00, 2.105645486E-01
 7.500003716E-01, 4.435827106E+00, 2.105647497E-01
 7.500003716E-01, 4.525179462E+00, 2.105649247E-01
 7.500003715E-01, 4.616352192E+00, 2.105650728E-01
 7.500003714E-01, 4.709382381E+00, 2.105651932E-01
 7.500003714E-01, 4.804307873E+00, 2.105652848E-01
 7.500003713E-01, 4.901167279E+00, 2.105653464E-01
 7.500003713E-01, 5.000000000E+00, 2.105653717E-01