"x","y","m","v"
0.75, 0.05, 0.0, 0.0
0.75, 0.050000495, 6.246626203775178e-14, 0.3151159943745376
0.75, 0.0500009902014, 1.000266227676263e-12, 0.6303614319575526
0.75, 0.0500014858055, 5.070651064539991e-12, 0.9458638708796762
0.75, 0.050001982014, 1.605589899972365e-11, 1.2617512265431672
0.75, 0.0500024790288, 3.929372875607477e-11, 1.5781514542235655
0.75, 0.0500029770519, 8.172011001961897e-11, 1.8951924626675183
0.75, 0.050003476286, 1.519247994142888e-10, 2.2130024649621167
0.75, 0.0500039769342, 2.602198621039501e-10, 2.5317097562812445
0.75, 0.0500044792001, 4.187216295810644e-10, 2.851442742954624
0.75, 0.050004983288, 6.414466444682753e-10, 3.172330032253571
0.75, 0.0500054894029, 9.44422101678954e-10, 3.494500392021821
0.75, 0.0500059977508, 1.345811701842326e-09, 3.8180828969280323
0.75, 0.0500065085384, 1.866057117949927e-09, 4.143206689843694
0.75, 0.0500070219734, 2.528036637085657e-09, 4.470001118946714
0.75, 0.0500075382648, 3.357241944887738e-09, 4.7985958693045605
0.75, 0.0500080576226, 4.381973025372582e-09, 5.129120707808645
0.75, 0.0500085802579, 5.633553351094272e-09, 5.46170547490044
0.75, 0.0500091063835, 7.1465679308141e-09, 5.796480385565101
0.75, 0.0500096362133, 8.959121325792325e-09, 6.133575560954751
0.75, 0.0500101699628, 1.111312249403759e-08, 6.473121247884752
0.75, 0.0500107078491, 1.365459451602628e-08, 6.815247710755983
0.75, 0.0500112500911, 1.663401294552552e-08, 7.1600852385477625
0.75, 0.0500117969093, 2.010667174176158e-08, 7.507763885491411
0.75, 0.0500123485262, 2.41330840842953e-08, 7.858413577640994
0.75, 0.0500129051661, 2.877941362952511e-08, 8.212163823735475
0.75, 0.0500134670554, 3.41179452910186e-08, 8.569143725515973
0.75, 0.0500140344227, 4.022759401440252e-08, 8.92948184243834
0.75, 0.0500146074988, 4.719445401087351e-08, 9.293305972494027
0.75, 0.0500151865169, 5.511239456883551e-08, 9.660743036872315
0.75, 0.0500157717123, 6.408369627904257e-08, 10.031918624050777
0.75, 0.0500163633233, 7.421975534453664e-08, 10.406957265146508
0.75, 0.0500169615904, 8.564181681133976e-08, 10.785981606147603
0.75, 0.0500175667569, 9.848178596316698e-08, 11.169112432886438
0.75, 0.0500181790691, 1.128830972054477e-07, 11.556468408640036
0.75, 0.0500187987761, 1.290016389553711e-07, 11.948165522800181
0.75, 0.0500194261298, 1.470067492541814e-07, 12.344316626445217
0.75, 0.0500200613855, 1.670823023317461e-07, 12.745031302441634
0.75, 0.0500207048016, 1.894278489127512e-07, 13.150415123884128
0.75, 0.0500213566398, 2.142598508633077e-07, 13.560569178870992
0.75, 0.0500220171653, 2.418130037699833e-07, 13.97558954378224
0.75, 0.0500226866467, 2.723416380433028e-07, 14.395566514971566
0.75, 0.0500233653564, 3.061212359892999e-07, 14.82058409672502
0.75, 0.0500240535705, 3.434500273700724e-07, 15.25071911803839
0.75, 0.0500247515688, 3.846506891357076e-07, 15.686040352434542
0.75, 0.0500254596354, 4.300721888602764e-07, 16.126607948269577
0.75, 0.0500261780582, 4.800916751249603e-07, 16.572472113868898
0.75, 0.0500269071295, 5.351165480667942e-07, 17.02367242288214
0.75, 0.0500276471458, 5.95586595803864e-07, 17.480236563453126
0.75, 0.0500283984082, 6.61976292881872e-07, 17.942179399049824
0.75, 0.0500291612222, 7.347971706351326e-07, 18.409501606176804
0.75, 0.0500299358982, 8.14600368448556e-07, 18.882188691709594
0.75, 0.0500307227512, 9.019792291279461e-07, 19.360209480754932
0.75, 0.0500315221014, 9.975721011297552e-07, 19.84351511969679
0.75, 0.0500323342738, 1.102065143952954e-06, 20.332037454672204
0.75, 0.0500331595989, 1.21619536698694e-06, 20.825688067793966
0.75, 0.0500339984124, 1.3407536444564e-06, 21.324356725206027
0.75, 0.0500348510554, 1.476587871618543e-06, 21.827910160487885
0.75, 0.0500357178748, 1.624606229882158e-06, 22.336191030252547
0.75, 0.0500365992232, 1.785780428832183e-06, 22.849016658544343
0.75, 0.0500374954592, 1.961149042920829e-06, 23.36617812931285
0.75, 0.0500384069472, 2.151820757739928e-06, 23.887439236882226
0.75, 0.050039334058, 2.358977746456335e-06, 24.41253607557075
0.75, 0.0500402771688, 2.583878876896818e-06, 24.94117649770752
0.75, 0.0500412366632, 2.82786280549905e-06, 25.473039828672366
0.75, 0.0500422129314, 3.092350965447508e-06, 26.007776984747878
0.75, 0.0500432063707, 3.378850449235951e-06, 26.54501107311879
0.75, 0.050044217385, 3.688956357315147e-06, 27.084337805721344
0.75, 0.0500452463857, 4.02435422507845e-06, 27.625327050822097
0.75, 0.0500462937914, 4.38682172130582e-06, 28.167524141554075
0.75, 0.050047360028, 4.77822998350033e-06, 28.710451823862343
0.75, 0.0500484455293, 5.200544606219736e-06, 29.25361287568766
0.75, 0.0500495507368, 5.65582573035912e-06, 29.796492730186387
0.75, 0.0500506761001, 6.146227649364679e-06, 30.33856279852415
0.75, 0.0500518220771, 6.673997567037923e-06, 30.87928405097886
0.75, 0.0500529891337, 7.241473241349113e-06, 31.418110689157356
0.75, 0.0500541777448, 7.851080285137225e-06, 31.95449468760308
0.75, 0.0500553883938, 8.505327737353941e-06, 32.48788983149593
0.75, 0.0500566215732, 9.206803064401497e-06, 33.017756380045064
0.75, 0.0500578777846, 9.958165701781454e-06, 33.543565491101404
0.75, 0.0500591575391, 1.07621396086266e-05, 34.064803762826735
0.75, 0.0500604613571, 1.162150420711116e-05, 34.58097738316105
0.75, 0.050061789769, 1.253908461612209e-05, 35.091616410861306
0.75, 0.0500631433153, 1.351774026770457e-05, 35.59627848602519
0.75, 0.0500645225464, 1.456035202636997e-05, 36.09455204941276
0.75, 0.0500659280234, 1.566980883163701e-05, 36.58605947621328
0.75, 0.050067360318, 1.684899256972872e-05, 37.07045936645849
0.75, 0.0500688200129, 1.810076228446819e-05, 37.54744847647899
0.75, 0.0500703077017, 1.942793705991097e-05, 38.01676292512859
0.75, 0.0500718239897, 2.083327892858414e-05, 38.47817912705533
0.75, 0.0500733694936, 2.231947424248093e-05, 38.931513823695774
0.75, 0.0500749448421, 2.388911547512973e-05, 39.376623873700915
0.75, 0.050076550676, 2.554468243207209e-05, 39.813405402040786
0.75, 0.0500781876485, 2.728852375949529e-05, 40.24179257153117
0.75, 0.0500798564254, 2.912283873017932e-05, 40.66175594395596
0.75, 0.0500815576857, 3.10496601377039e-05, 41.073300615558914
0.75, 0.0500832921212, 3.307083702360959e-05, 41.4764638454587
0.75, 0.0500850604376, 3.518802033313894e-05, 41.871312848205875
0.75, 0.0500868633541, 3.74026483777071e-05, 42.25794208834646
0.75, 0.0500887016041, 3.971593536038579e-05, 42.63647074832146
0.75, 0.0500905759353, 4.21288612280368e-05, 43.00704002760664
0.75, 0.0500924871102, 4.464216427350961e-05, 43.369810539206256
0.75, 0.0500944359062, 4.725633566327332e-05, 43.724959679232455
0.75, 0.050096423116, 4.997161692484432e-05, 44.07267914347745
0.75, 0.0500984495479, 5.278799998000732e-05, 44.41317253691625
0.75, 0.0501005160263, 5.570523018037017e-05, 44.746653149383384
0.75, 0.0501026233917, 5.872281135222424e-05, 45.07334179796553
0.75, 0.0501047725012, 6.184001418539062e-05, 45.39346491337914
0.75, 0.0501069642293, 6.505588762079205e-05, 45.70725282632101
0.75, 0.0501091994672, 6.83692704154245e-05, 46.01493800322319
0.75, 0.0501114791244, 7.177880824054523e-05, 46.31675377750892
0.75, 0.050113804128, 7.528296930538977e-05, 46.61293291568904
0.75, 0.0501161754238, 7.88800642801762e-05, 46.903706584438915
0.75, 0.0501185939765, 8.256826620249345e-05, 47.18930333839281
0.75, 0.0501210607698, 8.634563120958165e-05, 47.46994823865834
0.75, 0.050123576807, 9.021012068320015e-05, 47.74586215881829
0.75, 0.0501261431118, 9.415962402243311e-05, 48.01726122296278
0.75, 0.0501287607279, 9.81919795519047e-05, 48.284356221626425
0.75, 0.0501314307201, 0.0001023049974014784, 48.5473522865305
0.75, 0.0501341541746, 0.0001064964805229664, 48.80644856282524
0.75, 0.0501369321991, 0.0001107642445016469, 49.061837943460425
0.75, 0.0501397659237, 0.000115106137466268, 49.31370694777665
0.75, 0.0501426565009, 0.0001195200572787097, 49.56223557596687
0.75, 0.0501456051068, 0.000124003969061555, 49.80759732155852
0.75, 0.0501486129405, 0.000128555918351875, 50.0499590749366
0.75, 0.0501516812258, 0.0001331740460443271, 50.28948125845889
0.75, 0.0501548112105, 0.0001378565979250496, 50.526317798005095
0.75, 0.050158004168, 0.000142601935895613, 50.76061630479788
0.75, 0.050161261397, 0.0001474085445633268, 50.992518132206165
0.75, 0.0501645842224, 0.0001522750379032086, 51.22215854330223
0.75, 0.050167973996, 0.000157200163936896, 51.449666875228964
0.75, 0.0501714320965, 0.0001621828068109885, 51.67516666846309
0.75, 0.0501749599307, 0.0001672219891391611, 51.898775885622435
0.75, 0.0501785589335, 0.0001723168712323296, 52.120607056663175
0.75, 0.0501822305688, 0.0001774667503801595, 52.34076748703675
0.75, 0.0501859763304, 0.0001826710589818322, 52.559359464604
0.75, 0.0501897977417, 0.0001879293600143006, 52.77648039715991
0.75, 0.0501936963572, 0.0001932413441472951, 52.992223055247855
0.75, 0.0501976737628, 0.0001986068244302195, 53.20667574131438
0.75, 0.0502017315764, 0.0002040257307832888, 53.419922474249404
0.75, 0.0502058714485, 0.0002094981039837914, 53.63204317037377
0.75, 0.0502100950632, 0.0002150240897744705, 53.84311383996299
0.75, 0.0502144041385, 0.0002206039317397308, 54.053206742636995
0.75, 0.0502188004272, 0.0002262379647642715, 54.2623905681961
0.75, 0.0502232857175, 0.0002319266079628555, 54.470730596451396
0.75, 0.0502278618341, 0.0002376703581809997, 54.67828887411204
0.75, 0.0502325306382, 0.0002434697821093448, 54.885124335035904
0.75, 0.0502372940291, 0.0002493255104665013, 55.091292987041435
0.75, 0.0502421539443, 0.0002552382304029103, 55.296848024650274
0.75, 0.0502471123607, 0.0002612086794141152, 55.501839984247304
0.75, 0.0502521712953, 0.000267237638800781, 55.706316870552264
0.75, 0.0502573328059, 0.0002733259273330775, 55.91032427737811
0.75, 0.050262598992, 0.0002794743953716805, 56.11390551040433
0.75, 0.0502679719958, 0.0002856839193284088, 56.31710170718459
0.75, 0.0502734540029, 0.0002919553960139146, 56.51995193946241
0.75, 0.0502790472431, 0.0002982897373543719, 56.722493313996495
0.75, 0.0502847539916, 0.0003046878658055144, 56.92476108200857
0.75, 0.0502905765699, 0.0003111507096606526, 57.12678873141548
0.75, 0.0502965173463, 0.0003176791981644738, 57.32860806032605
0.75, 0.0503025787374, 0.0003242742579737798, 57.530249279977106
0.75, 0.0503087632087, 0.0003309368088459431, 57.73174108128903
0.75, 0.050315073276, 0.0003376677604205353, 57.93311072322718
0.75, 0.050321511506, 0.0003444680083443299, 58.13438409005129
0.75, 0.0503280805175, 0.0003513384312463415, 58.335585763693416
0.75, 0.0503347829828, 0.00035827988809568, 58.53673909690286
0.75, 0.050341621628, 0.0003652932145938159, 58.737866248889304
0.75, 0.050348599235, 0.0003723792214963019, 58.93898826792957
0.75, 0.0503557186422, 0.000379538691732893, 59.14012513050161
0.75, 0.0503629827453, 0.0003867723777943592, 59.34129578070181
0.75, 0.0503703944994, 0.0003940810005446972, 59.542518201884114
0.75, 0.0503779569192, 0.0004014652462530544, 59.743809431679054
0.75, 0.050385673081, 0.0004089257655232176, 59.94518562307321
0.75, 0.0503935461234, 0.0004164631710374422, 60.14666206675878
0.75, 0.050401579249, 0.000424078036362703, 60.34825323668734
0.75, 0.0504097757254, 0.0004317708941571085, 60.54997281413042
0.75, 0.0504181388867, 0.0004395422349241954, 60.75183372147323
0.75, 0.0504266721348, 0.0004473925056350323, 60.953848147887115
0.75, 0.0504353789408, 0.0004553221084951394, 61.15602757455019
0.75, 0.0504442628464, 0.000463331399754956, 61.35838279708811
0.75, 0.0504533274652, 0.0004714206884686547, 61.56092394314248
0.75, 0.0504625764845, 0.0004795902357291352, 61.76366049852924
0.75, 0.0504720136666, 0.0004878402534736419, 61.96660131945906
0.75, 0.0504816428501, 0.0004961709033171901, 62.16975464281129
0.75, 0.050491467952, 0.000504582296090946, 62.37312811101485
0.75, 0.0505014929689, 0.0005130744905993615, 62.57672877531149
0.75, 0.0505117219786, 0.000521647492733042, 62.78056310562802
0.75, 0.050522159142, 0.0005303012548268888, 62.984637004185586
0.75, 0.0505328087046, 0.0005390356746716553, 63.1889558089322
0.75, 0.0505436749984, 0.0005478505948467756, 63.39352430284963
0.75, 0.0505547624435, 0.0005567458017899807, 63.59834671549342
0.75, 0.0505660755498, 0.0005657210249370459, 63.803426724839795
0.75, 0.0505776189193, 0.0005747759363128991, 64.00876746803122
0.75, 0.0505893972475, 0.000583910149381288, 64.21437153393173
0.75, 0.0506014153254, 0.0005931232183513492, 64.420240965099
0.75, 0.0506136780417, 0.0006024146376022437, 64.62637726125178
0.75, 0.0506261903845, 0.0006117838406937482, 64.83278137255623
0.75, 0.0506389574433, 0.0006212301995817485, 65.03945369668871
0.75, 0.0506519844116, 0.0006307530242395206, 65.24639408388926
0.75, 0.0506652765883, 0.0006403515613578131, 65.45360182116826
0.75, 0.0506788393802, 0.0006500249938287291, 65.66107563299947
0.75, 0.0506926783044, 0.0006597724401080754, 65.86881367862163
0.75, 0.0507067989901, 0.0006695929531186459, 66.07681353895228
0.75, 0.0507212071811, 0.0006794855196206758, 66.28507221301385
0.75, 0.0507359087383, 0.000689449059537426, 66.49358611280216
0.75, 0.050750909642, 0.000699482425106364, 66.70235105402192
0.75, 0.0507662159939, 0.000709584399805571, 66.91136224182199
0.75, 0.0507818340204, 0.0007197536981105511, 67.12061427330667
0.75, 0.0507977700742, 0.0007299889640936883, 67.33010111578218
0.75, 0.0508140306379, 0.0007402887712984488, 67.53981611085479
0.75, 0.0508306223257, 0.0007506516213545471, 67.74975195247376
0.75, 0.0508475518866, 0.0007610759435289336, 67.95990068380996
0.75, 0.0508648262072, 0.0007715600939822108, 68.17025368781894
0.75, 0.0508824523139, 0.0007821023546396901, 68.38080166991176
0.75, 0.0509004373768, 0.0007927009330617266, 68.59153466042035
0.75, 0.0509187887115, 0.000803353961026695, 68.80244199121333
0.75, 0.0509375137829, 0.0008140594942818145, 69.01351229547504
0.75, 0.0509566202078, 0.000824815511559041, 69.2247334928226
0.75, 0.0509761157581, 0.00083561991392048, 69.43609278096106
0.75, 0.050996008364, 0.0008464705240768092, 69.64757662681329
0.75, 0.0510163061173, 0.0008573650857356245, 69.85917075835772
0.75, 0.0510370172746, 0.000868301262871889, 70.07086015512373
0.75, 0.0510581502605, 0.0008792766389813807, 70.28262903867439
0.75, 0.0510797136712, 0.0008902887165212557, 70.49446086703206
0.75, 0.0511017162783, 0.0009013349164185536, 70.70633833085529
0.75, 0.0511241670317, 0.0009124125770980554, 70.91824334099236
0.75, 0.0511470750637, 0.0009235189540921453, 71.13015702789518
0.75, 0.0511704496926, 0.0009346512193624244, 71.3420597363462
0.75, 0.0511943004266, 0.0009458064607331447, 71.553931023336
0.75, 0.0512186369675, 0.0009569816811908231, 71.76574965457482
0.75, 0.0512434692146, 0.0009681737982400148, 71.97749360345144
0.75, 0.051268807269, 0.0009793796433893412, 72.18914005403931
0.75, 0.0512946614375, 0.0009905959613983237, 72.40066540137843
0.75, 0.0513210422368, 0.001001819409600326, 72.61204525527666
0.75, 0.0513479603979, 0.001013046557238233, 72.82325444669226
0.75, 0.0513754268703, 0.001024273884633972, 73.03426703363922
0.75, 0.0514034528265, 0.001035497782394733, 73.24505631073532
0.75, 0.0514320496667, 0.00104671455059337, 73.45559482161154
0.75, 0.0514612290233, 0.001057920397748433, 73.6658543712423
0.75, 0.0514910027656, 0.001069111439755028, 73.87580604147743
0.75, 0.0515213830047, 0.001080283698742352, 74.0854202097792
0.75, 0.0515523820983, 0.00109143310172452, 74.29466656908288
0.75, 0.0515840126561, 0.001102555479280611, 74.50351415377362
0.75, 0.0516162875444, 0.001113646563736124, 74.7119313623955
0.75, 0.0516492198917, 0.001124701987466854, 74.9198859893333
0.75, 0.0516828230939, 0.001135717280796024, 75.12734525611948
0.75, 0.0517171108199, 0.001146687869736568, 75.33427584780587
0.75, 0.0517520970169, 0.001157609073313105, 75.54064395006279
0.75, 0.0517877959162, 0.001168476100692302, 75.7464152920245
0.75, 0.0518242220392, 0.001179284047976991, 75.95155519296306
0.75, 0.051861390203, 0.001190027894448206, 76.15602860948971
0.75, 0.0518993155264, 0.001200702498462538, 76.35980018804516
0.75, 0.0519380134364, 0.001211302592971419, 76.56283432294067
0.75, 0.0519774996742, 0.001221822780334457, 76.76509521462204
0.75, 0.0520177903017, 0.001232257526662745, 76.96654693358137
0.75, 0.0520589017079, 0.001242601155471716, 77.16715348668153
0.75, 0.0521008506157, 0.001252847840720514, 77.36687888838865
0.75, 0.0521436540888, 0.001262991599095276, 77.56568723518508
0.75, 0.0521873295383, 0.001273026281389488, 77.76354278133434
0.75, 0.0522318947302, 0.001282945563201136, 77.96041002138378
0.75, 0.0522773677923, 0.00129274293452859, 78.15625377224144
0.75, 0.0523237672217, 0.001302411688479847, 78.3510392601517
0.75, 0.0523711118924, 0.001311944908907644, 78.54473220994073
0.75, 0.0524194210628, 0.001321335456864901, 78.73729893542401
0.75, 0.0524687143837, 0.00133057595593484, 78.92870643312106
0.75, 0.0525190119062, 0.001339658776243018, 79.11892247638637
0.75, 0.0525703340898, 0.001348576017144121, 79.30791571069254
0.75, 0.052622701811, 0.001357319488565183, 79.49565575065058
0.75, 0.0526761363714, 0.001365880690765994, 79.68211327448363
0.75, 0.0527306595066, 0.001374250792677217, 79.86726012010513
0.75, 0.0527862933951, 0.001382420608613542, 80.05106937908141
0.75, 0.0528430606671, 0.001390380573299989, 80.2335154875654
0.75, 0.052900984414, 0.001398120715276962, 80.41457431599441
0.75, 0.0529600881974, 0.001405630628467181, 80.59422325272702
0.75, 0.053020396059, 0.001412899442060202, 80.77244128522321
0.75, 0.0530819325303, 0.001419915788535252, 80.94920907422294
0.75, 0.0531447226427, 0.001426667769878906, 81.12450902173562
0.75, 0.0532087919372, 0.00143314292190368, 81.29832532954795
0.75, 0.0532741664754, 0.001439328176849677, 81.4706440518046
0.75, 0.0533408728498, 0.001445209824069346, 81.64145313484907
0.75, 0.0534089381946, 0.001450773468957108, 81.81074244650159
0.75, 0.0534783901969, 0.001456003990150176, 81.97850379309628
0.75, 0.0535492571076, 0.001460885495006359, 82.14473092127278
0.75, 0.0536215677534, 0.001465401273545092, 82.30941950661186
0.75, 0.0536953515483, 0.001469533750825781, 82.47256712381268
0.75, 0.0537706385052, 0.001473264437939465, 82.63417319859238
0.75, 0.0538474592487, 0.001476573881799591, 82.79423894213082
0.75, 0.0539258450274, 0.001479441613795206, 82.95276726259505
0.75, 0.0540058277262, 0.001481846097530424, 83.1097626543233
0.75, 0.0540874398798, 0.001483764675885961, 83.2652310652714
0.75, 0.0541707146857, 0.001485173517562006, 83.41917973771162
0.75, 0.0542556860177, 0.001486047563389742, 83.5716170227648
0.75, 0.0543423884396, 0.001486360472670124, 83.72255216662924
0.75, 0.0544308572195, 0.001486084569834117, 83.87199506769574
0.75, 0.0545211283439, 0.001485190791736261, 84.01995600160004
0.75, 0.0546132385325, 0.001483648635924488, 84.16644531420933
0.75, 0.054707225253, 0.001481426110249138, 84.31147307975408
0.75, 0.0548031267366, 0.001478489684188598, 84.45504872358502
0.75, 0.0549009819932, 0.001474804242325025, 84.59718060596772
0.75, 0.0550008308274, 0.001470333040398352, 84.7378755657003
0.75, 0.055102713855, 0.001465037664417398, 84.877138423658
0.75, 0.0552066725189, 0.001458877993411051, 85.01497144053785
0.75, 0.0553127491065, 0.001451812166302498, 85.15137372940396
0.75, 0.0554209867667, 0.001443796553634817, 85.2863406177726
0.75, 0.0555314295275, 0.001434785734815211, 85.41986295754597
0.75, 0.0556441223138, 0.001424732481692755, 85.55192637876958
0.75, 0.0557591109658, 0.001413587749334016, 85.68251048374107
0.75, 0.0558764422574, 0.001401300675059183, 85.81158797619081
0.75, 0.0559961639158, 0.001387818586782968, 85.93912372181279
0.75, 0.0561183246401, 0.001373087022211542, 86.06507373165492
0.75, 0.0562429741219, 0.001357049760145951, 86.18938406500061
0.75, 0.0563701630649, 0.001339648866032829, 86.31198964081692
0.75, 0.0564999432059, 0.001320824753655158, 86.43281295125568
0.75, 0.0566323673357, 0.001300516265738669, 86.55176266578135
0.75, 0.0567674893207, 0.001278660776515766, 86.66873211489948
0.75, 0.0569053641246, 0.00125519432021157, 86.78359763986879
0.75, 0.0570460478307, 0.001230051750236053, 86.89621679374676
0.75, 0.0571895976653, 0.001203166935075274, 87.00642637714964
0.75, 0.0573360720201, 0.001174472998961399, 87.11404028959983
0.75, 0.0574855304769, 0.001143902616409978, 87.21884717125195
0.75, 0.0576380338308, 0.001111388372850404, 87.3206078010223
0.75, 0.0577936441158, 0.00107686320242332, 87.41905224417188
0.75, 0.0579524246298, 0.001040260911879852, 87.51387670370237
0.75, 0.0581144399601, 0.001001516789158437, 87.60474005060993
0.75, 0.0582797560098, 0.0009605682960107384, 87.69126000681851
0.75, 0.0584484400246, 0.0009173558911784059, 87.77300895975334
0.75, 0.0586205606204, 0.0008718240095860099, 87.84950939102914
0.75, 0.0587961878108, 0.0008239222010846858, 87.92022890996604
0.75, 0.0589753930359, 0.0007736063931857012, 87.98457491979713
0.75, 0.0591582491912, 0.0007208401595935152, 88.04188899753719
0.75, 0.0593448306573, 0.0006655956900672465, 88.09144114386544
0.75, 0.0595352133302, 0.0006078537404316338, 88.13242414262398
0.75, 0.0597294746519, 0.0005476009136984652, 88.16394829162103
0.75, 0.0599276936424, 0.0004848206008706711, 88.1850364557707
0.75, 0.0601299509314, 0.0004194698502260274, 88.19461785564788
0.75, 0.0603363287914, 0.0003514288347121535, 88.19151371511356
0.75, 0.0605469111708, 0.0002804212130263491, 88.17439344513456
0.75, 0.0607617837286, 0.0002060843828083537, 88.1416753763441
0.75, 0.0609810338686, 0.0001298480355253917, 88.09175463090666
0.75, 0.0612047507755, 6.120650947287987e-05, 88.02714273520982
0.75, 0.0614330254508, 2.092034264400396e-05, 87.96338433016638
0.75, 0.06166595075, 7.739722284067435e-06, 87.9117611152174
0.75, 0.0619036214204, 4.462385326223741e-06, 87.86671467547326
0.75, 0.0621461341397, 3.620931229240179e-06, 87.82264630653631
0.75, 0.0623935875549, 3.394591455960145e-06, 87.77813958879109
0.75, 0.0626460823228, 3.337711164782064e-06, 87.7329730233896
0.75, 0.0629037211512, 3.329147607509531e-06, 87.68708027110311
0.75, 0.06316660884, 3.334307268747245e-06, 87.64043215889012
0.75, 0.0634348523244, 3.343170670487583e-06, 87.593014594588
0.75, 0.0637085607179, 3.352842853094797e-06, 87.54481706635438
0.75, 0.0639878453573, 3.362503703193026e-06, 87.49582979857931
0.75, 0.0642728198474, 3.371926300088942e-06, 87.44604335535224
0.75, 0.0645636001077, 3.381058951431579e-06, 87.39544846311658
0.75, 0.0648603044192, 3.389897625817582e-06, 87.34403591616163
0.75, 0.0651630534725, 3.398449929328771e-06, 87.29179655646476
0.75, 0.0654719704172, 3.406726216234215e-06, 87.23872128072459
0.75, 0.0657871809119, 3.414737256699834e-06, 87.18480105016452
0.75, 0.066108813175, 3.422493634961095e-06, 87.13002688830072
0.75, 0.0664369980371, 3.430005610694422e-06, 87.07438980778893
0.75, 0.0667718689945, 3.437283090108163e-06, 87.01788084307609
0.75, 0.067113562263, 3.444335609964888e-06, 86.96049187886034
0.75, 0.0674622168334, 3.451172385341538e-06, 86.90221400278206
0.75, 0.0678179745283, 3.457802295190815e-06, 86.84303866570797
0.75, 0.0681809800598, 3.46423389169878e-06, 86.7829574959736
0.75, 0.0685513810879, 3.470475417016859e-06, 86.72196224872023
0.75, 0.0689293282811, 3.476534811863008e-06, 86.66004481913625
0.75, 0.0693149753773, 3.482419725130975e-06, 86.59719725314388
0.75, 0.0697084792466, 3.488137523261679e-06, 86.53341175729382
0.75, 0.0701099999551, 3.493695299524926e-06, 86.46868070946817
0.75, 0.0705197008297, 3.499099882922774e-06, 86.40299666963742
0.75, 0.0709377485249, 3.504357847102587e-06, 86.33635239115802
0.75, 0.0713643130903, 3.509475518995173e-06, 86.26874083228473
0.75, 0.0717995680402, 3.514458987402919e-06, 86.2001551677735
0.75, 0.0722436904237, 3.519314111219986e-06, 86.13058880044747
0.75, 0.0726968608967, 3.524046527623808e-06, 86.06003537321646
0.75, 0.0731592637962, 3.528661659618415e-06, 85.98848878089997
0.75, 0.073631087214, 3.533164723417376e-06, 85.91594318429495
0.75, 0.0741125230744, 3.53756073464717e-06, 85.84239300293613
0.75, 0.0746037672115, 3.541854526139902e-06, 85.76783284207237
0.75, 0.0751050194492, 3.546050720988257e-06, 85.6922579815942
0.75, 0.0756164836824, 3.550153782694236e-06, 85.61566368397281
0.75, 0.0761383679601, 3.554167994017405e-06, 85.53804558212458
0.75, 0.0766708845695, 3.558097467625494e-06, 85.45939969065016
0.75, 0.0772142501231, 3.56194615375769e-06, 85.37972238082624
0.75, 0.0777686856462, 3.565717845416165e-06, 85.29901039327744
0.75, 0.0783344166673, 3.569416183610032e-06, 85.21726085189363
0.75, 0.0789116733091, 3.573044662528713e-06, 85.13447127778049
0.75, 0.0795006903832, 3.5766066344768e-06, 85.05063960303706
0.75, 0.0801017074846, 3.580105314629261e-06, 84.96576418505998
0.75, 0.0807149690896, 3.583543785725348e-06, 84.87984382068409
0.75, 0.0813407246553, 3.586925002602673e-06, 84.79287776040877
0.75, 0.081979228721, 3.590251796621669e-06, 84.70486572256696
0.75, 0.0826307410117, 3.593526880068892e-06, 84.61580790733443
0.75, 0.0832955265437, 3.596752850267978e-06, 84.52570501084915
0.75, 0.0839738557325, 3.599932193295481e-06, 84.43455823895398
0.75, 0.0846660045029, 3.603067287721339e-06, 84.34236932111591
0.75, 0.0853722544008, 3.606160407981912e-06, 84.24914052431436
0.75, 0.0860928927084, 3.609213729265623e-06, 84.15487466664408
0.75, 0.0868282125605, 3.612229411397306e-06, 84.05957513100529
0.75, 0.0875785130638, 3.61520963425066e-06, 83.96324587852665
0.75, 0.088344099419, 3.618155620034501e-06, 83.86589146181132
0.75, 0.0891252830444, 3.621069537017737e-06, 83.7675170375742
0.75, 0.0899223817029, 3.623953113077137e-06, 83.66812837933719
0.75, 0.0907357196312, 3.626807979815173e-06, 83.5677318897156
0.75, 0.0915656276715, 3.629635688389797e-06, 83.46633461227634
0.75, 0.0924124434066, 3.632437712451484e-06, 83.36394424301045
0.75, 0.0932765112965, 3.635215450824596e-06, 83.26056914213093
0.75, 0.094158182819, 3.637970228943412e-06, 83.1562183425568
0.75, 0.0950578166127, 3.640703305642195e-06, 83.05090153796833
0.75, 0.0959757786224, 3.64341586439714e-06, 82.94462919050558
0.75, 0.0969124422487, 3.646109028204132e-06, 82.8374124062413
0.75, 0.0978681884991, 3.648783853714135e-06, 82.72926300630441
0.75, 0.0988434061435, 3.651441334516008e-06, 82.62019354203139
0.75, 0.0998384918724, 3.654082403627591e-06, 82.51021729281054
0.75, 0.100853850458, 3.656707935231365e-06, 82.39934827281785
0.75, 0.101889894918, 3.659318746470968e-06, 82.28760123715224
0.75, 0.102947046686, 3.661915599331829e-06, 82.17499168696233
0.75, 0.104025735781, 3.664499202439142e-06, 82.06153587410466
0.75, 0.105126400982, 3.667070212659291e-06, 81.94725080480667
0.75, 0.106249490008, 3.66962923678795e-06, 81.83215424236221
0.75, 0.107395459699, 3.672176833084727e-06, 81.71626470917295
0.75, 0.108564776202, 3.674713512661569e-06, 81.59960148768624
0.75, 0.109757915162, 3.677239740954955e-06, 81.48218462043961
0.75, 0.110975361913, 3.67975593885748e-06, 81.36403490923443
0.75, 0.112217611676, 3.682262484853644e-06, 81.24517391316408
0.75, 0.113485169764, 3.68475971519688e-06, 81.12562394525547
0.75, 0.114778551782, 3.687247925967764e-06, 81.00540806886137
0.75, 0.116098283841, 3.689727374202103e-06, 80.8845500920371
0.75, 0.117444902769, 3.692198279126218e-06, 80.76307456158159
0.75, 0.118818956332, 3.694660823447333e-06, 80.64100675532679
0.75, 0.120221003455, 3.697115154662554e-06, 80.5183726736784
0.75, 0.121651614451, 3.699561386329329e-06, 80.39519902962631
0.75, 0.12311137125, 3.701999599291266e-06, 80.27151323782503
0.75, 0.12460086764, 3.704429842942254e-06, 80.14734340201424
0.75, 0.126120709504, 3.706852136358978e-06, 80.02271830165078
0.75, 0.127671515071, 3.709266469308468e-06, 79.89766737695761
0.75, 0.129253915162, 3.711672803263845e-06, 79.77222071310378
0.75, 0.130868553453, 3.714071072476107e-06, 79.64640902253197
0.75, 0.132516086732, 3.716461185131189e-06, 79.52026362658978
0.75, 0.134197185167, 3.718843024459576e-06, 79.39381643555944
0.75, 0.135912532581, 3.721216449970557e-06, 79.26709992723922
0.75, 0.137662826728, 3.723581298701199e-06, 79.14014712468894
0.75, 0.139448779576, 3.725937386220039e-06, 79.01299157254843
0.75, 0.1412711176, 3.728284507740121e-06, 78.88566731186354
0.75, 0.143130582073, 3.730622438908673e-06, 78.75820885406202
0.75, 0.145027929373, 3.732950936835041e-06, 78.63065115314137
0.75, 0.146963931284, 3.735269741101727e-06, 78.50302957729556
0.75, 0.148939375318, 3.73757857489527e-06, 78.37537987874751
0.75, 0.150955065026, 3.739877146162554e-06, 78.24773816328111
0.75, 0.153011820334, 3.742165148795514e-06, 78.12014085776208
0.75, 0.15511047787, 3.744442263785178e-06, 77.99262467719667
0.75, 0.157251891308, 3.746708159492516e-06, 77.86522659035012
0.75, 0.159436931711, 3.748962494269396e-06, 77.73798378448981
0.75, 0.161666487892, 3.751204915755221e-06, 77.61093362896627
0.75, 0.163941466769, 3.753435060618122e-06, 77.48411363844941
0.75, 0.166262793738, 3.755652556867249e-06, 77.35756143500944
0.75, 0.168631413048, 3.757857028965331e-06, 77.23131470940532
0.75, 0.171048288184, 3.760048094200655e-06, 77.10541118174868
0.75, 0.173514402261, 3.762225363658974e-06, 76.97988856095044
0.75, 0.176030758424, 3.764388444364287e-06, 76.85478450405604
0.75, 0.178598380252, 3.766536939792045e-06, 76.73013657524758
0.75, 0.181218312181, 3.768670450978665e-06, 76.60598220402674
0.75, 0.183891619922, 3.770788577624146e-06, 76.48235864341595
0.75, 0.1866193909, 3.772890919053713e-06, 76.35930292737235
0.75, 0.189402734694, 3.774977075008596e-06, 76.236851828101
0.75, 0.192242783487, 3.777046646410064e-06, 76.11504181337698
0.75, 0.195140692528, 3.779099236283929e-06, 75.99390900384519
0.75, 0.198097640604, 3.781134450708609e-06, 75.8734891303816
0.75, 0.201114830515, 3.783151899658245e-06, 75.7538174917544
0.75, 0.204193489567, 3.785151197715132e-06, 75.6349289120923
0.75, 0.207334870069, 3.787131964728419e-06, 75.51685769886427
0.75, 0.210540249843, 3.789093826631372e-06, 75.39963760133845
0.75, 0.213810932747, 3.791036416366087e-06, 75.283301769608
0.75, 0.217148249198, 3.792959374774306e-06, 75.1678827144693
0.75, 0.22055355672, 3.794862351365015e-06, 75.05341226756185
0.75, 0.224028240495, 3.79674500412377e-06, 74.93992154239969
0.75, 0.227573713923, 3.798607001611877e-06, 74.8274408966486
0.75, 0.2311914192, 3.800448022205678e-06, 74.71599989517456
0.75, 0.234882827903, 3.802267755368071e-06, 74.60562727439286
0.75, 0.238649441592, 3.804065902170709e-06, 74.49635090762328
0.75, 0.242492792415, 3.805842175815238e-06, 74.38819777187706
0.75, 0.246414443736, 3.807596302075386e-06, 74.28119391580387
0.75, 0.25041599077, 3.809328020020968e-06, 74.17536442914806
0.75, 0.254499061231, 3.811037082260428e-06, 74.07073341554143
0.75, 0.258665315992, 3.812723255640919e-06, 73.96732396287345
0.75, 0.262916449767, 3.814386321310761e-06, 73.86515811940853
0.75, 0.267254191793, 3.816026075121641e-06, 73.7642568698836
0.75, 0.271680306538, 3.817642328043219e-06, 73.66464011371939
0.75, 0.276196594418, 3.819234906556282e-06, 73.56632664523214
0.75, 0.280804892528, 3.820803652790178e-06, 73.46933413582617
0.75, 0.28550707539, 3.822348424638824e-06, 73.37367911814923
0.75, 0.290305055716, 3.823869096054402e-06, 73.27937697246652
0.75, 0.295200785186, 3.825365557313072e-06, 73.18644191518106
0.75, 0.300196255241, 3.826837714928852e-06, 73.09488698950926
0.75, 0.305293497893, 3.828285491886544e-06, 73.00472405822423
0.75, 0.310494586554, 3.829708827504305e-06, 72.91596379872016
0.75, 0.315801636876, 3.831107677585804e-06, 72.82861570040487
0.75, 0.321216807612, 3.832482014453903e-06, 72.74268806422386
0.75, 0.326742301499, 3.83383182676694e-06, 72.65818800438927
0.75, 0.332380366147, 3.835157119452766e-06, 72.57512145246912
0.75, 0.338133294957, 3.836457913354845e-06, 72.49349316354713
0.75, 0.344003428055, 3.837734245549514e-06, 72.41330672468308
0.75, 0.349993153241, 3.838986168848236e-06, 72.33456456549305
0.75, 0.356104906962, 3.840213751640376e-06, 72.25726797080704
0.75, 0.362341175302, 3.841417077680093e-06, 72.18141709544498
0.75, 0.368704494995, 3.842596245794602e-06, 72.10701098097454
0.75, 0.375197454456, 3.843751369165759e-06, 72.03404757443622
0.75, 0.381822694831, 3.844882575673053e-06, 71.96252374899981
0.75, 0.388582911078, 3.845990007103451e-06, 71.8924353262944
0.75, 0.395480853057, 3.847073819037531e-06, 71.82377710060346
0.75, 0.402519326651, 3.84813418024335e-06, 71.75654286463423
0.75, 0.409701194907, 3.849171272288514e-06, 71.69072543684395
0.75, 0.417029379202, 3.850185289182761e-06, 71.62631669019585
0.75, 0.424506860429, 3.851176436786889e-06, 71.563307582301
0.75, 0.43213668021, 3.852144932280922e-06, 71.50168818676966
0.75, 0.439921942137, 3.853091003847453e-06, 71.44144772569341
0.75, 0.447865813028, 3.854014890222552e-06, 71.38257460319937
0.75, 0.455971524219, 3.854916840026129e-06, 71.32505643983208
0.75, 0.464242372881, 3.855797111225846e-06, 71.26888010774606
0.75, 0.472681723354, 3.856655970746411e-06, 71.21403176664344
0.75, 0.481293008523, 3.857493693864735e-06, 71.16049690018751
0.75, 0.490079731208, 3.858310563574255e-06, 71.10826035289698
0.75, 0.499045465595, 3.859106870143014e-06, 71.0573063673052
0.75, 0.508193858685, 3.859882910630124e-06, 71.00761862141813
0.75, 0.517528631779, 3.860638988233042e-06, 70.95918026624427
0.75, 0.527053581994, 3.861375411736625e-06, 70.91197396327381
0.75, 0.536772583802, 3.862092495098157e-06, 70.8659819218232
0.75, 0.546689590614, 3.862790556870992e-06, 70.82118593620763
0.75, 0.55680863638, 3.863469919606938e-06, 70.77756742264893
0.75, 0.567133837235, 3.86413090941149e-06, 70.73510745565738
0.75, 0.577669393173, 3.864773855440204e-06, 70.69378680387769
0.75, 0.588419589753, 3.865399089352918e-06, 70.65358596541691
0.75, 0.599388799843, 3.866006945001282e-06, 70.61448520253533
0.75, 0.610581485401, 3.866597757804796e-06, 70.57646457558478
0.75, 0.622002199287, 3.867171864197723e-06, 70.53950397599284
0.75, 0.633655587118, 3.867729601240963e-06, 70.50358315839811
0.75, 0.645546389155, 3.86827130633177e-06, 70.46868177197625
0.75, 0.657679442231, 3.868797316875997e-06, 70.43477939073276
0.75, 0.670059681722, 3.869307970271158e-06, 70.40185554270575
0.75, 0.682692143551, 3.86980360108421e-06, 70.36988973806777
0.75, 0.695581966238, 3.870284544163501e-06, 70.3388614961281
0.75, 0.70873439299, 3.870751132410617e-06, 70.3087503712785
0.75, 0.722154773833, 3.871203696534033e-06, 70.27953597779006
0.75, 0.73584856779, 3.871642564224509e-06, 70.25119801334503
0.75, 0.7498213451, 3.872068061207348e-06, 70.22371628135383
0.75, 0.764078789485, 3.872480511925184e-06, 70.1970707121479
0.75, 0.778626700461, 3.872880236776543e-06, 70.17124138300193
0.75, 0.793470995696, 3.87326755179974e-06, 70.1462085369499
0.75, 0.808617713422, 3.873642769559177e-06, 70.12195260040382
0.75, 0.824073014883, 3.874006199221772e-06, 70.09845419956544
0.75, 0.83984318685, 3.874358145931587e-06, 70.07569417570731
0.75, 0.855934644172, 3.874698910404613e-06, 70.0536535993362
0.75, 0.872353932389, 3.875028788999406e-06, 70.03231378328584
0.75, 0.889107730392, 3.875348073806656e-06, 70.01165629467187
0.75, 0.906202853141, 3.875657052275383e-06, 69.9916629657454
0.75, 0.923646254438, 3.875956006931799e-06, 69.97231590371004
0.75, 0.941445029753, 3.876245215496617e-06, 69.9535974995049
0.75, 0.959606419113, 3.876524950825808e-06, 69.9354904357274
0.75, 0.978137810047, 3.876795480612383e-06, 69.91797769385256
0.75, 0.997046740587, 3.877057067250087e-06, 69.90104256063356
0.75, 1.01634090234, 3.877309968112506e-06, 69.88466863332535
0.75, 1.03602814361, 3.877554435625414e-06, 69.86883982342047
0.75, 1.0561164726, 3.877790716843656e-06, 69.85354035955088
0.75, 1.07661406066, 3.878019053281521e-06, 69.83875479087533
0.75, 1.09752924562, 3.878239681335506e-06, 69.82446799057203
0.75, 1.11887053517, 3.878452832291673e-06, 69.81066515635746
0.75, 1.14064661032, 3.878658732072644e-06, 69.79733181138498
0.75, 1.16286632896, 3.878857601191389e-06, 69.78445380459672
0.75, 1.18553872942, 3.879049654925459e-06, 69.77201731044663
0.75, 1.20867303418, 3.879235103535436e-06, 69.76000882811782
0.75, 1.23227865361, 3.879414152062646e-06, 69.74841518025681
0.75, 1.25636518978, 3.879587000267157e-06, 69.73722351126054
0.75, 1.28094244041, 3.879753842854923e-06, 69.72642128513384
0.75, 1.30602040281, 3.879914869363051e-06, 69.71599628297848
0.75, 1.33160927797, 3.880070264769473e-06, 69.70593660012236
0.75, 1.3577194747, 3.880220209059501e-06, 69.69623064295746
0.75, 1.38436161387, 3.880364876820182e-06, 69.68686712545072
0.75, 1.41154653274, 3.880504438065027e-06, 69.67783506539348
0.75, 1.43928528935, 3.880639058227504e-06, 69.669123780432
0.75, 1.46758916701, 3.880768898131443e-06, 69.66072288389029
0.75, 1.49646967893, 3.88089411395057e-06, 69.65262228037786
0.75, 1.52593857287, 3.881014857332454e-06, 69.64481216126488
0.75, 1.55600783591, 3.881131275464427e-06, 69.63728300000837
0.75, 1.58668969937, 3.88124351117614e-06, 69.6300255473385
0.75, 1.61799664373, 3.881351703168483e-06, 69.6230308263763
0.75, 1.64994140376, 3.881455985864482e-06, 69.61629012764362
0.75, 1.68253697366, 3.881556489608943e-06, 69.60979500402976
0.75, 1.71579661237, 3.881653340786882e-06, 69.60353726570723
0.75, 1.74973384894, 3.881746661759409e-06, 69.59750897501293
0.75, 1.78436248806, 3.881836571040043e-06, 69.59170244131721
0.75, 1.81969661566, 3.881923183352223e-06, 69.58611021589596
0.75, 1.85575060464, 3.882006609721136e-06, 69.5807250868294
0.75, 1.89253912072, 3.882086958113882e-06, 69.57554007390407
0.75, 1.9300771284, 3.882164332306432e-06, 69.57054842356347
0.75, 1.96837989705, 3.882238832865858e-06, 69.56574360392764
0.75, 2.00746300715, 3.882310557017569e-06, 69.56111929985092
0.75, 2.04734235656, 3.882379598749259e-06, 69.55666940806525
0.75, 2.08803416705, 3.88244604873147e-06, 69.55238803241787
0.75, 2.12955499087, 3.882509994625174e-06, 69.54826947920704
0.75, 2.17192171749, 3.882571521167595e-06, 69.54430825259014
0.75, 2.21515158047, 3.882630709354157e-06, 69.54049905014114
0.75, 2.25926216447, 3.882687637774614e-06, 69.53683675852825
0.75, 2.3042714124, 3.882742382556954e-06, 69.53331644932918
0.75, 2.35019763271, 3.882795017675178e-06, 69.52993337498454
0.75, 2.39705950686, 3.882845613982598e-06, 69.52668296491237
0.75, 2.44487609691, 3.882894233599695e-06, 69.52356082178834
0.75, 2.49366685327, 3.882940948533537e-06, 69.52056271803927
0.75, 2.5434516226, 3.882985821596556e-06, 69.51768459248753
0.75, 2.5942506559, 3.883028906251951e-06, 69.51492254724464
0.75, 2.64608461676, 3.883070264087636e-06, 69.5122728447815
0.75, 2.69897458972, 3.883109952998757e-06, 69.50973190529342
0.75, 2.7529420889, 3.883148019250837e-06, 69.50729630428492
0.75, 2.80800906672, 3.883184516880401e-06, 69.50496277048443
0.75, 2.86419792283, 3.883219491805109e-06, 69.50272818400464
0.75, 2.92153151322, 3.883252993992601e-06, 69.50058957492095
0.75, 2.98003315955, 3.883285064885463e-06, 69.49854412208275
0.75, 3.0397266586, 3.883315745498475e-06, 69.49658915246953
0.75, 3.10063629194, 3.88334507511655e-06, 69.49472214089715
0.75, 3.16278683586, 3.883373090821716e-06, 69.49294071025976
0.75, 3.22620357141, 3.883399827191872e-06, 69.49124263226972
0.75, 3.29091229466, 3.883425316609652e-06, 69.48962582883868
0.75, 3.35693932727, 3.883449589218137e-06, 69.48808837413074
0.75, 3.42431152711, 3.883472672921458e-06, 69.4866284973699
0.75, 3.49305629925, 3.883494593130563e-06, 69.48524458650816
0.75, 3.56320160707, 3.8835153728568e-06, 69.48393519289446
0.75, 3.63477598366, 3.883535032608299e-06, 69.48269903704424
0.75, 3.70780854339, 3.88355359035987e-06, 69.48153501568643
0.75, 3.78232899381, 3.883571061362735e-06, 69.48044221031658
0.75, 3.85836764767, 3.883587458015159e-06, 69.47941989741726
0.75, 3.9359554353, 3.883602789647526e-06, 69.47846756067453
0.75, 4.01512391717, 3.883617062402208e-06, 69.47758490550562
0.75, 4.09590529672, 3.883630279067161e-06, 69.47677187625591
0.75, 4.17833243348, 3.883642438687117e-06, 69.47602867658686
0.75, 4.26243885643, 3.883653536168641e-06, 69.47535579356112
0.75, 4.34825877762, 3.883663561935146e-06, 69.47475402603567
0.75, 4.43582710612, 3.883672500845955e-06, 69.47422451724519
0.75, 4.52517946218, 3.883680330800033e-06, 69.47376879179306
0.75, 4.61635219177, 3.883687012135251e-06, 69.47338878118815
0.75, 4.70938238131, 3.883692480083985e-06, 69.47308683743056
0.75, 4.80430787279, 3.883696611340018e-06, 69.47286541019923
0.75, 4.90116727915, 3.88371026893516e-06, 69.47272634408205
0.75, 5.0, 3.883766155930711e-06, 69.47266547522642
