"x","y","m","v","k","o"
0.75, 0.05, 0.0, 0.0, 0.0, 77914735951.40724
0.75, 0.050000495, 5.294461492418978e-16, 0.2998049179908678, 6.132741729012978e-06, 9004925049.94212
0.75, 0.0500009902014, 1.931207231469268e-14, 0.5997334123960784, 6.333174445244563e-05, 2549411398.143656
0.75, 0.0500014858055, 1.901985862682144e-13, 0.8999068700256685, 0.000270082846950033, 1103919239.359488
0.75, 0.050001982014, 9.780966710381604e-13, 1.2004470625358235, 0.0007537804156439506, 599116084.9996928
0.75, 0.0500024790288, 3.466893598119239e-12, 1.5014758618026551, 0.001658643369309439, 371929679.1248459
0.75, 0.0500029770519, 9.692213208552203e-12, 1.8031151711858129, 0.003141796972065777, 252002009.895841
0.75, 0.050003476286, 2.301335525230842e-11, 2.1054872683138854, 0.005371818673506483, 181464159.1954268
0.75, 0.0500039769342, 4.852542604315683e-11, 2.4087145976279785, 0.008528218051102958, 136627809.0385904
0.75, 0.0500044792001, 9.351490089625792e-11, 2.7129197965513594, 0.01280138080826008, 106420910.2267017
0.75, 0.050004983288, 1.679630767824843e-10, 3.0182257733065176, 0.01839279172565579, 85130602.22105773
0.75, 0.0500054894029, 2.851026662663634e-10, 3.324755654007561, 0.02551544464752746, 69575244.40925656
0.75, 0.0500059977508, 4.620335159338225e-10, 3.6326328994983976, 0.03439439477468095, 57871957.9833759
0.75, 0.0500065085384, 7.204036031367215e-10, 3.9419810470869416, 0.04526740909281127, 48850043.72757981
0.75, 0.0500070219734, 1.087162293637757e-09, 4.252923799565001, 0.05838571034715659, 41751174.60115371
0.75, 0.0500075382648, 1.595392959175107e-09, 4.565585097300362, 0.07401479558880614, 36066899.34713691
0.75, 0.0500080576226, 2.285231416351931e-09, 4.88008880904057, 0.09243529540463796, 31446123.55871134
0.75, 0.0500085802579, 3.204877646674752e-09, 5.196558642196987, 0.1139438837878378, 27640168.10633658
0.75, 0.0500091063835, 4.411708727488323e-09, 5.515118329913113, 0.1388542446702659, 24468942.85679512
0.75, 0.0500096362133, 5.973496166822584e-09, 5.835891066115266, 0.1674980098503268, 21799464.23142394
0.75, 0.0500101699628, 7.969737033700447e-09, 6.158999572512706, 0.2002257467103843, 19531818.93521629
0.75, 0.0500107078491, 1.049310085069748e-08, 6.4845658284136, 0.2374079161818586, 17589772.97815826
0.75, 0.0500112500911, 1.365099690787291e-08, 6.812710881448211, 0.2794358144648312, 15914347.53353371
0.75, 0.0500117969093, 1.756726007064582e-08, 7.143554372994268, 0.3267224341164043, 14459339.28025914
0.75, 0.0500123485262, 2.238395912915114e-08, 7.477214376519822, 0.3797032932141679, 13188138.58858723
0.75, 0.0500129051661, 2.826331618308725e-08, 7.813806820674624, 0.4388371101021097, 12071435.8382868
0.75, 0.0500134670554, 3.538973644967142e-08, 8.153445155256517, 0.5046063808526783, 11085541.49047947
0.75, 0.0500140344227, 4.397193183250112e-08, 8.496239833353808, 0.5775177627520446, 10211140.47804245
0.75, 0.0500146074988, 5.424512003914633e-08, 8.84229766561197, 0.6581022197007826, 9432357.039676538
0.75, 0.0500151865169, 6.647328064401945e-08, 9.191721223004224, 0.7469149175069102, 8736044.287082745
0.75, 0.0500157717123, 8.095142445836846e-08, 9.544607864114548, 0.8445347092233623, 8111239.623501698
0.75, 0.0500163633233, 9.800787816426145e-08, 9.90104940590022, 0.9515634188886093, 7548741.565547206
0.75, 0.0500169615904, 1.180064729832457e-07, 10.261130695093682, 1.068624390557669, 7040780.610044174
0.75, 0.0500175667569, 1.41348658291154e-07, 10.62492894315734, 1.196360735516327, 6580758.444669467
0.75, 0.0500181790691, 1.684754444319184e-07, 10.992512746058885, 1.335432928639846, 6163041.179474072
0.75, 0.0500187987761, 1.998690963782281e-07, 11.36394079646078, 1.486515643849345, 5782794.128446516
0.75, 0.0500194261298, 2.360545239766695e-07, 11.739260657289957, 1.650293875228762, 5435848.506521844
0.75, 0.0500200613855, 2.77600326954251e-07, 12.11850784592145, 1.827458417644441, 5118593.031359177
0.75, 0.0500207048016, 3.251193338094233e-07, 12.501704351623125, 2.018700276905589, 4827885.982505916
0.75, 0.0500213566398, 3.792686262375253e-07, 12.888857442664184, 2.224704318389853, 4560982.795753875
0.75, 0.0500220171653, 4.407489548768934e-07, 13.279958489390266, 2.446142035079217, 4315476.375414405
0.75, 0.0500226866467, 5.10303447784551e-07, 13.674981656842016, 2.68366334621158, 4089247.747665477
0.75, 0.0500233653564, 5.88715629818752e-07, 14.073882972439312, 2.937887747193232, 3880424.817293181
0.75, 0.0500240535705, 6.768066214529902e-07, 14.476599216807836, 3.209394567610716, 3687348.061695266
0.75, 0.0500247515688, 7.754315456527614e-07, 14.883047032871666, 3.498712662409496, 3508541.700010542
0.75, 0.0500254596354, 8.854752387923424e-07, 15.293122580183626, 3.80630995509264, 3342689.271286697
0.75, 0.0500261780582, 1.007847063019746e-06, 15.706700789196887, 4.13258235948674, 3188613.264596755
0.75, 0.0500269071295, 1.143475199328675e-06, 16.123635527136507, 4.477843267496466, 3045257.599436953
0.75, 0.0500276471458, 1.29330024097386e-06, 16.54375960963809, 4.842313108629227, 2911672.901216199
0.75, 0.0500283984082, 1.458268447208522e-06, 16.966885486841253, 5.226109942158545, 2787003.828314172
0.75, 0.0500291612222, 1.639324591602631e-06, 17.39280593697133, 5.629240864329977, 2670478.334223859
0.75, 0.0500299358982, 1.837404854560912e-06, 17.8212955040922, 6.05159522277573, 2561398.340537256
0.75, 0.0500307227512, 2.053429618262948e-06, 18.25211183310873, 6.492939188087267, 2459131.820579965
0.75, 0.0500315221014, 2.288296773507438e-06, 18.684997822587647, 6.95291286408657, 2363105.831890049
0.75, 0.0500323342738, 2.542875239846495e-06, 19.119683517791476, 7.431029112937219, 2272800.589941701
0.75, 0.0500331595989, 2.817999461274335e-06, 19.555888838556598, 7.926675412296669, 2187744.167077608
0.75, 0.0500339984124, 3.114464421185647e-06, 19.993325952273672, 8.43911758791731, 2107507.950482463
0.75, 0.0500348510554, 3.433021732096488e-06, 20.4317020376978, 8.967506233254817, 2031702.575802722
0.75, 0.0500357178748, 3.774376830381965e-06, 20.87072219684413, 9.510885514183455, 1959974.30014554
0.75, 0.0500365992232, 4.13918704571012e-06, 21.310092089539207, 10.06820368352628, 1892001.802651291
0.75, 0.0500374954592, 4.528060868837113e-06, 21.749520686329458, 10.63832554451301, 1827493.271369351
0.75, 0.0500384069472, 4.941558010066876e-06, 22.18872262847205, 11.2200459277227, 1766183.802181716
0.75, 0.050039334058, 5.380190724348943e-06, 22.62742077776113, 11.81210459609679, 1707832.976061899
0.75, 0.0500402771688, 5.844425697177812e-06, 23.065348224698692, 12.4132012607942, 1652222.687146622
0.75, 0.0500412366632, 6.334686587076944e-06, 23.502250028835636, 13.02201066838093, 1599155.14727497
0.75, 0.0500422129314, 6.851357185836425e-06, 23.93788476019168, 13.63719749687783, 1548451.038387235
0.75, 0.0500432063707, 7.39478512549182e-06, 24.372025864009807, 14.25743076786556, 1499947.797585178
0.75, 0.050044217385, 7.965285272437377e-06, 24.804462284781298, 14.88139666382777, 1453498.086061865
0.75, 0.0500452463857, 8.56314396081125e-06, 25.234999413430977, 15.50781102378271, 1408968.312081479
0.75, 0.0500462937914, 9.188622528708291e-06, 25.663459240261318, 16.13542971951691, 1366237.328350258
0.75, 0.050047360028, 9.841960899432413e-06, 26.089680444828623, 16.76305781934244, 1325195.215922915
0.75, 0.0500484455293, 1.052338122535513e-05, 26.5135184636271, 17.38955752841739, 1285742.152171415
0.75, 0.0500495507368, 1.123309072646667e-05, 26.93484504683294, 18.01385414260136, 1247787.407199865
0.75, 0.0500506761001, 1.197128451412514e-05, 27.35354789843575, 18.63494090009011, 1211248.407654643
0.75, 0.0500518220771, 1.273814788014777e-05, 27.76953010666494, 19.25188233912741, 1176049.89434125
0.75, 0.0500529891337, 1.353385779733544e-05, 28.18270930199904, 19.86381613584802, 1142123.174188258
0.75, 0.0500541777448, 1.435858483921909e-05, 28.593017210449606, 20.46995450987232, 1109405.407538826
0.75, 0.0500553883938, 1.52124936342667e-05, 29.0003986210383, 21.06958383715208, 1077839.010099785
0.75, 0.0500566215732, 1.609574361247733e-05, 29.404810716900794, 21.66206400369046, 1047371.086919235
0.75, 0.0500578777846, 1.700393524391856e-05, 29.806248102846183, 22.24685635336621, 1017951.52814914
0.75, 0.0500591575391, 1.788469087641506e-05, 30.20502805592698, 22.82385504957732, 989516.9927398645
0.75, 0.0500604613571, 1.878739944613863e-05, 30.601463141543512, 23.39311646711167, 962004.9138392531
0.75, 0.050061789769, 1.972069288981952e-05, 30.995544793219494, 23.9542524738471, 935369.6373752989
0.75, 0.0500631433153, 2.068661263150844e-05, 31.387218812957375, 24.50683967368834, 909571.0147836684
0.75, 0.0500645225464, 2.168609585419211e-05, 31.776428648521886, 25.0504836234906, 884572.3678946475
0.75, 0.0500659280234, 2.271988785737853e-05, 32.16312257530789, 25.58482912885368, 860339.8935178918
0.75, 0.050067360318, 2.378869869796783e-05, 32.54725468507631, 26.10956111781431, 836842.3406518936
0.75, 0.0500688200129, 2.489323089097071e-05, 32.92878499929325, 26.62440399438097, 814050.7419931438
0.75, 0.0500703077017, 2.603418416942074e-05, 33.307679255911935, 27.12912034042679, 791938.1842015034
0.75, 0.0500718239897, 2.721225637382865e-05, 33.68390887913409, 27.62350970352359, 770479.5879784656
0.75, 0.0500733694936, 2.842814319381092e-05, 34.057450644277246, 28.10740684201037, 749651.5260146654
0.75, 0.0500749448421, 2.968253812031139e-05, 34.42828655640761, 28.58068015236227, 729432.0468405349
0.75, 0.050076550676, 3.097613223842478e-05, 34.79640359179636, 29.04322983412555, 709800.5237461814
0.75, 0.0500781876485, 3.230961416832703e-05, 35.161793479201826, 29.49498605067744, 690737.5172394008
0.75, 0.0500798564254, 3.368367012046164e-05, 35.52445245044132, 29.93590701589109, 672224.6537180236
0.75, 0.0500815576857, 3.509898417752511e-05, 35.88438107044131, 30.36597716147105, 654244.5134963683
0.75, 0.0500832921212, 3.655623852661431e-05, 36.241583848114914, 30.78520504031998, 636780.5422030797
0.75, 0.0500850604376, 3.805611430363868e-05, 36.596069161146936, 31.19362162712449, 619816.9575598774
0.75, 0.0500868633541, 3.959929173722561e-05, 36.94784886534597, 31.59127827379926, 603338.6820798203
0.75, 0.0500887016041, 4.118644874982067e-05, 37.296938137348256, 31.97824498379397, 587331.2735911959
0.75, 0.0500905759353, 4.281825117259412e-05, 37.64335523191702, 32.35460862858331, 571780.8686130992
0.75, 0.0500924871102, 4.449531292911788e-05, 37.98712145185207, 32.72047141757422, 556674.124364757
0.75, 0.0500944359062, 4.621805224323101e-05, 38.32826150905849, 33.07594968976912, 541998.1528745552
0.75, 0.050096423116, 4.798710307550469e-05, 38.66680315269699, 33.42117224189408, 527740.484715581
0.75, 0.0500984495479, 4.980327437652987e-05, 39.00277588649233, 33.75627770650745, 513889.0720269151
0.75, 0.0501005160263, 5.166723977128211e-05, 39.336210741670875, 34.08141308733556, 500432.2633682613
0.75, 0.0501026233917, 5.357962800279913e-05, 39.66714049849655, 34.39673296228695, 487358.7676096942
0.75, 0.0501047725012, 5.55410497907498e-05, 39.995599662823345, 34.70239842436932, 474657.6272443354
0.75, 0.0501069642293, 5.755210567740764e-05, 40.32162439471788, 34.9985760177489, 462318.196009709
0.75, 0.0501091994672, 5.961338788880698e-05, 40.64525219267058, 35.28543651553692, 450330.1284541701
0.75, 0.0501114791244, 6.172548097483201e-05, 40.96652192167256, 35.56315408510821, 438683.3588639953
0.75, 0.050113804128, 6.388896134993355e-05, 41.28547350928892, 35.83190522318925, 427368.0949088117
0.75, 0.0501161754238, 6.61043971586138e-05, 41.60214790894645, 36.09186799830056, 416374.8032726474
0.75, 0.0501185939765, 6.837234778685559e-05, 41.91658694100435, 36.34322124954657, 405694.2015056106
0.75, 0.0501210607698, 7.069336341028172e-05, 42.22883313251897, 36.58614385134972, 395317.2511964992
0.75, 0.050123576807, 7.3067984725291e-05, 42.53892963044833, 36.82081409855195, 385235.1498126806
0.75, 0.0501261431118, 7.549674259563e-05, 42.84692014197544, 37.04740916481654, 375439.322820705
0.75, 0.0501287607279, 7.798015752281669e-05, 43.152848735726224, 37.26610450974982, 365921.4211595511
0.75, 0.0501314307201, 8.051873947461544e-05, 43.4567598319385, 37.47707347881367, 356673.313329267
0.75, 0.0501341541746, 8.31129874444136e-05, 43.75869809954017, 37.68048687789809, 347687.0811665111
0.75, 0.0501369321991, 8.57633890531642e-05, 44.058708339484724, 37.8765125845473, 338955.0164584417
0.75, 0.0501397659237, 8.847042028886899e-05, 44.35683546181325, 38.0653152629555, 330469.6151963763
0.75, 0.0501426565009, 9.123454511407569e-05, 44.65312436925491, 38.2470560537386, 322223.57494845
0.75, 0.0501456051068, 9.405621519034796e-05, 44.94761997086061, 38.42189238037339, 314209.7888357958
0.75, 0.0501486129405, 9.69358693809044e-05, 45.24036701584828, 38.58997767620902, 306421.3447710044
0.75, 0.0501516812258, 9.987393358497065e-05, 45.5314101622972, 38.75146128209943, 298851.5184626121
0.75, 0.0501548112105, 0.0001028708202043031, 45.82079381333564, 38.90648823325174, 291493.7729004567
0.75, 0.050158004168, 0.0001059269279677099, 46.10856217752957, 39.05519919764583, 284341.7521287429
0.75, 0.050161261397, 0.0001090426414108769, 46.39475915316321, 39.19773033720102, 277389.2798847925
0.75, 0.0501645842224, 0.0001122183306361119, 46.679428327077126, 39.33421325010315, 270630.3557104912
0.75, 0.050167973996, 0.0001154543509802915, 46.96261295501795, 39.46477491625152, 264059.1522963339
0.75, 0.0501714320965, 0.000118751042840047, 47.24435588559139, 39.58953766964994, 257670.0076629386
0.75, 0.0501749599307, 0.0001221087315428246, 47.52469958653675, 39.70861923273667, 251457.4138569885
0.75, 0.0501785589335, 0.0001255277265467962, 47.803686073984636, 39.8221326192071, 245416.0260962
0.75, 0.0501822305688, 0.0001290083209736024, 48.08135691731678, 39.93018613062583, 239540.6631681186
0.75, 0.0501859763304, 0.0001325507913364647, 48.357753242345694, 40.03288341955859, 233826.2960700955
0.75, 0.0501897977417, 0.0001361553971774557, 48.63291564684165, 40.13032348899412, 228268.0458876786
0.75, 0.0501936963572, 0.0001398223809089235, 48.90688425100154, 40.22260075142272, 222861.178869863
0.75, 0.0501976737628, 0.000143551967389897, 49.17969865895982, 40.30980506022664, 217601.1034073342
0.75, 0.0502017315764, 0.000147344363576512, 49.45139794400063, 40.39202175665072, 212483.3665332566
0.75, 0.0502058714485, 0.0001511997582207622, 49.72202063465788, 40.4693317225083, 207503.6504396001
0.75, 0.0502100950632, 0.0001551183215489391, 49.99160472705471, 40.54181144456396, 202657.768558828
0.75, 0.0502144041385, 0.0001591002048800937, 50.260187651573546, 40.60953306930792, 197941.6625391539
0.75, 0.0502188004272, 0.0001631455403425196, 50.527806279005894, 40.67256447242933, 193351.3985360174
0.75, 0.0502232857175, 0.0001672544405715531, 50.79449690742216, 40.73096932554952, 188883.16390767
0.75, 0.0502278618341, 0.0001714269983663276, 51.06029527873579, 40.7848071716247, 184533.263466194
0.75, 0.0502325306382, 0.0001756632863741626, 51.32523653040452, 40.83413348815945, 180298.1168635055
0.75, 0.0502372940291, 0.0001799633568565496, 51.58935524017195, 40.87899977140376, 176174.2544985967
0.75, 0.0502421539443, 0.000184327241336681, 51.85268538398203, 40.91945360396346, 172158.314904024
0.75, 0.0502471123607, 0.0001887549503863559, 52.115260355784805, 40.95553873504625, 168247.0411994388
0.75, 0.0502521712953, 0.0001932464733268656, 52.37711295845012, 40.98729515567616, 164437.2780725404
0.75, 0.0502573328059, 0.0001978017779817149, 52.63827539475696, 41.0147591748302, 160725.9688100836
0.75, 0.050262598992, 0.0002024208104799289, 52.898779268255865, 41.03796349719766, 157110.1522456864
0.75, 0.0502679719958, 0.0002071034950443514, 53.15865558780285, 41.05693730086806, 153586.9597312884
0.75, 0.0502734540029, 0.0002118497337866624, 53.41793475637184, 41.07170631345223, 150153.6123933307
0.75, 0.0502790472431, 0.0002166594065999977, 53.67664656450411, 41.08229288907287, 146807.4183797749
0.75, 0.0502847539916, 0.0002215323710353242, 53.934820201259, 41.08871608595758, 143545.7699468457
0.75, 0.0502905765699, 0.0002264684621264703, 54.192484249499984, 41.09099174237456, 140366.1408276379
0.75, 0.0502965173463, 0.0002314674923446621, 54.44966666304536, 41.08913255277827, 137266.0838791774
0.75, 0.0503025787374, 0.000236529251583997, 54.706394787039606, 41.08314814439302, 134243.2282575358
0.75, 0.0503087632087, 0.0002416535071392148, 54.962695337444366, 41.07304515321155, 131295.277162526
0.75, 0.050315073276, 0.0002468400037074524, 55.21859441347793, 41.0588272994186, 128420.0052523896
0.75, 0.050321511506, 0.0002520884634355879, 55.47411747542067, 41.04049546381882, 125615.2565240847
0.75, 0.0503280805175, 0.0002573985860975811, 55.72928934622245, 41.01804776376397, 122878.9419761069
0.75, 0.0503347829828, 0.0002627700491825845, 55.9841342186393, 40.99147962790119, 120209.0372846646
0.75, 0.050341621628, 0.0002682025081408331, 56.23867561892605, 40.96078387541385, 117603.5809986013
0.75, 0.050348599235, 0.0002736955966709489, 56.4929364339619, 40.92595078943852, 115060.6721229745
0.75, 0.0503557186422, 0.0002792489269700628, 56.7469388872468, 40.88696819574194, 112578.4683015462
0.75, 0.0503629827453, 0.0002848620902313721, 57.00070451857535, 40.84382154300948, 110155.1839985121
0.75, 0.0503703944994, 0.0002905346570371602, 57.25425420780319, 40.79649397656902, 107789.0883123207
0.75, 0.0503779569192, 0.0002962661779043188, 57.507608130305684, 40.7449664241126, 105478.5035019724
0.75, 0.050385673081, 0.0003020561839439632, 57.760785773292476, 40.6892176721543, 103221.8029857814
0.75, 0.0503935461234, 0.0003079041875802017, 58.01380590609346, 40.62922445233649, 101017.4098207093
0.75, 0.050401579249, 0.0003138096833382412, 58.266686582115085, 40.56496152278503, 98863.79494326682
0.75, 0.0504097757254, 0.0003197721487783769, 58.51944511614138, 40.49640175653913, 96759.47567901459
0.75, 0.0504181388867, 0.0003257910454899149, 58.77209807596914, 40.42351622865397, 94703.0141729622
0.75, 0.0504266721348, 0.0003318658202379374, 59.024661265879416, 40.34627430735512, 92693.01593753403
0.75, 0.0504353789408, 0.0003379959062141277, 59.27714971133412, 40.26464374730904, 90728.12843430508
0.75, 0.0504442628464, 0.0003441807243885562, 59.52957764188898, 40.17859078603838, 88807.0397139532
0.75, 0.0504533274652, 0.0003504196851240916, 59.78195846948971, 40.0880802448804, 86928.47713360655
0.75, 0.0504625764845, 0.0003567121898175554, 60.03430477884777, 39.99307562883029, 85091.20602509782
0.75, 0.0504720136666, 0.0003630576326987439, 60.28662830173963, 39.89353923519096, 83294.02852673321
0.75, 0.0504816428501, 0.0003694554028929413, 60.53893988990892, 39.78943226710096, 81535.78245933188
0.75, 0.050491467952, 0.0003759048865129145, 60.79124950715761, 39.68071494325062, 79815.34010672828
0.75, 0.0505014929689, 0.0003824054690420869, 61.04356619548924, 39.5673466220866, 78131.60721859404
0.75, 0.0505117219786, 0.0003889565379574645, 61.29589805011375, 39.44928592753892, 76483.52198431786
0.75, 0.050522159142, 0.0003955574854927991, 61.548252199745015, 39.32649087706483, 74870.05400989267
0.75, 0.0505328087046, 0.000402207711697185, 61.80063477483757, 39.19891902041333, 73290.20341055784
0.75, 0.0505436749984, 0.0004089066276759709, 62.05305088351476, 39.06652758038511, 71742.99988826354
0.75, 0.0505547624435, 0.0004156536590497022, 62.30550457828293, 38.92927360412994, 70227.50190157922
0.75, 0.0505660755498, 0.0004224482498341139, 62.55799882337525, 38.78711412081442, 68742.79586374985
0.75, 0.0505776189193, 0.0004292898665230665, 62.81053547325698, 38.64000629954077, 67287.99530941986
0.75, 0.0505893972475, 0.0004361780025058773, 63.06311522887027, 38.48790762668781, 65862.24022609567
0.75, 0.0506014153254, 0.0004431121828382771, 63.315737605478176, 38.33077608460641, 64464.69634809432
0.75, 0.0506136780417, 0.000450091969251833, 63.56840090240452, 38.16857033664063, 63094.55447456486
0.75, 0.0506261903845, 0.0004571169657030118, 63.82110216026078, 38.00124992811617, 61751.02988942275
0.75, 0.0506389574433, 0.0004641868244238069, 64.07383712262789, 37.82877549361881, 60433.36178708159
0.75, 0.0506519844116, 0.0004713012520966071, 64.32660020746086, 37.65110896644457, 59140.81268086956
0.75, 0.0506652765883, 0.0004784600167441643, 64.5793844528904, 37.46821381499273, 57872.66797727556
0.75, 0.0506788393802, 0.000485662955022682, 64.83218148296488, 37.2800552757858, 56628.23547736126
0.75, 0.0506926783044, 0.00049290997998948, 65.08498146919145, 37.08660059920715, 55406.84493471463
0.75, 0.0507067989901, 0.0005002010896873446, 65.33777307923762, 36.88781931570851, 54207.84770820946
0.75, 0.0507212071811, 0.000507536376240531, 65.590543437034, 36.68368350495754, 53030.61639082288
0.75, 0.0507359087383, 0.0005149160354853712, 65.84327808093107, 36.47416807770013, 51874.54448232891
0.75, 0.050750909642, 0.0005223403773339289, 66.09596091684712, 36.25925107357912, 50739.04611887804
0.75, 0.0507662159939, 0.0005298098372814772, 66.34857416529722, 36.03891397700203, 49623.55586234065
0.75, 0.0507818340204, 0.0005373249883431573, 66.60109832876869, 35.81314202832162, 48527.52843251757
0.75, 0.0507977700742, 0.0005448865543246378, 66.8535121299246, 35.58192457353235, 47450.43860312116
0.75, 0.0508140306379, 0.0005524954236002538, 67.10579248120604, 35.34525539970998, 46391.78099476017
0.75, 0.0508306223257, 0.0005601526643437689, 67.35791442345766, 35.10313311236098, 45351.07003606814
0.75, 0.0508475518866, 0.0005678595408982471, 67.60985108758997, 34.85556150604716, 44327.83986095797
0.75, 0.0508648262072, 0.0005756175312314904, 67.86157364930062, 34.60254995553081, 43321.64427126369
0.75, 0.0508824523139, 0.0005834283461046137, 68.11305127506785, 34.3441138306646, 42332.05676856005
0.75, 0.0509004373768, 0.0005912939491321496, 68.36425109281826, 34.08027490121138, 41358.67052269278
0.75, 0.0509187887115, 0.00059921657890202, 68.61513813295208, 33.8110617868286, 40401.09849206138
0.75, 0.0509375137829, 0.0006071987722903525, 68.86567529843542, 33.53651039213036, 39458.97346405592
0.75, 0.0509566202078, 0.0006152433896368455, 69.11582331930383, 33.25666437278733, 38531.94818963981
0.75, 0.0509761157581, 0.0006233536417011001, 69.3655407170864, 32.97157560580409, 37619.695512245
0.75, 0.050996008364, 0.0006315331181773586, 69.61478377123981, 32.68130467162382, 36721.90852053315
0.75, 0.0510163061173, 0.0006397858177582383, 69.86350648966072, 32.38592134512893, 35838.30071588098
0.75, 0.0510370172746, 0.0006481161798025613, 70.11166058149828, 32.08550509666376, 34968.60619870635
0.75, 0.0510581502605, 0.0006565291175187871, 70.35919543459369, 31.78014559932586, 34112.5798625185
0.75, 0.0510797136712, 0.0006650300520452768, 70.60605810308265, 31.46994323391754, 33269.99757354386
0.75, 0.0511017162783, 0.0006736249468633972, 70.85219330379181, 31.15500959063798, 32440.65633776203
0.75, 0.0511241670317, 0.0006823203429282259, 71.09754341057543, 30.83546797886527, 31624.37448706864
0.75, 0.0511470750637, 0.0006911233929060064, 71.34204847186764, 30.5114539097126, 30820.99179382817
0.75, 0.0511704496926, 0.0007000418938071275, 71.58564623405286, 30.18311556893713, 30030.36956714886
0.75, 0.0511943004266, 0.0007090843169993963, 71.82827218174214, 29.85061426097104, 29252.39068676343
0.75, 0.0512186369675, 0.0007182598344404625, 72.06985959196837, 29.51412482201826, 28486.95957675672
0.75, 0.0512434692146, 0.0007275783393835001, 72.310339609179, 29.17383598597203, 27734.00208827479
0.75, 0.051268807269, 0.0007370504595824138, 72.5496413455819, 28.82995068823791, 26993.46526799553
0.75, 0.0512946614375, 0.0007466875611643372, 72.78769200210944, 28.48268630471331, 26265.31701735681
0.75, 0.0513210422368, 0.000756501740718911, 73.02441702020732, 28.13227480098145, 25549.54560008913
0.75, 0.0513479603979, 0.0007665058031880725, 73.25974026651093, 27.77896277655123, 24846.15898156744
0.75, 0.0513754268703, 0.0007767132231299, 73.49358425009108, 27.42301139174231, 24155.18399052314
0.75, 0.0514034528265, 0.0007871380863247899, 73.72587037981069, 27.06469615213337, 23476.66527048101
0.75, 0.0514320496667, 0.0007977950092608255, 73.95651926352403, 26.70430653319145, 22810.6640072987
0.75, 0.0514612290233, 0.0008086990342793407, 74.1854510478539, 26.34214543211362, 22157.25642927082
0.75, 0.0514910027656, 0.0008198654978766865, 74.41258580345958, 25.97852842469553, 21516.5320604266
0.75, 0.0515213830047, 0.000831309870892236, 74.63784395603075, 25.61378281258212, 20888.59172449938
0.75, 0.0515523820983, 0.0008430475694432551, 74.86114675972803, 25.24824645334668, 20273.54531048084
0.75, 0.0515840126561, 0.0008550937360108676, 75.08241681608636, 24.88226635773567, 19671.50929697469
0.75, 0.0516162875444, 0.0008674629925033469, 75.30157862425773, 24.51619706904451, 19082.60408448242
0.75, 0.0516492198917, 0.0008801691665458566, 75.51855916979486, 24.15039880883436, 18506.95113356454
0.75, 0.0516828230939, 0.0008932249944902197, 75.73328853441745, 23.78523541737928, 17944.66997580935
0.75, 0.0517171108199, 0.0009066418057042507, 75.94570052312054, 23.42107210021222, 17395.87513609088
0.75, 0.0517520970169, 0.0009204291946954533, 76.1557332930023, 23.05827301771692, 16860.6730415734
0.75, 0.0517877959162, 0.0009345946873569561, 76.36332997657088, 22.69719874471831, 16339.15896559131
0.75, 0.0518242220392, 0.0009491434091419873, 76.56843928420162, 22.33820364483364, 15831.41407160049
0.75, 0.051861390203, 0.0009640777637525496, 76.77101606866712, 21.98163321070737, 15337.50261846722
0.75, 0.0518993155264, 0.0009793971304372683, 76.97102184296847, 21.62782141034702, 14857.46936647595
0.75, 0.0519380134364, 0.0009950975882766192, 77.16842523882322, 21.27708809111352, 14391.3372431789
0.75, 0.0519774996742, 0.001011171676750453, 77.36320238898816, 20.92973650617992, 13939.10535323631
0.75, 0.0520177903017, 0.001027608201111451, 77.55533722885833, 20.58605101145034, 13500.74739824291
0.75, 0.0520589017079, 0.001044392090676894, 77.74482170640312, 20.24629499365236, 13076.21058404783
0.75, 0.0521008506157, 0.001061504316236566, 77.93165589758596, 19.91070907280065, 12665.41505224055
0.75, 0.0521436540888, 0.001078921870063235, 78.11584802323439, 19.57950961699646, 12268.25384229962
0.75, 0.0521873295383, 0.001096617808807111, 78.29741436649523, 19.25288759234587, 11884.59335063665
0.75, 0.0522318947302, 0.001114561355703052, 78.47637909992311, 18.93100774385806, 11514.27421117385
0.75, 0.0522773677923, 0.001132718056426772, 78.65277402265906, 18.61400811117067, 11157.11253580615
0.75, 0.0523237672217, 0.00115104998014911, 78.82663822236087, 18.30199985334231, 10812.90143349296
0.75, 0.0523711118924, 0.001169515957163491, 78.99801767120212, 17.99506736395866, 10481.41275517167
0.75, 0.0524194210628, 0.00118807184397997, 79.16696476803713, 17.69326865153315, 10162.39902193715
0.75, 0.0524687143837, 0.001206670806979646, 79.3335378423061, 17.39663595218682, 9855.595496101349
0.75, 0.0525190119062, 0.001225263617240538, 79.49780063066954, 17.10517654679433, 9560.722363467754
0.75, 0.0525703340898, 0.001243798948984174, 79.65982173999828, 16.81887374618882, 9277.486983310435
0.75, 0.052622701811, 0.001262223674660935, 79.81967410917986, 16.53768800593592, 9005.58615633461
0.75, 0.0526761363714, 0.001280483150584715, 79.97743447680025, 16.26155813819647, 8744.70836459881
0.75, 0.0527306595066, 0.001298521485870291, 80.13318286773831, 15.99040257623192, 8494.535926681574
0.75, 0.0527862933951, 0.001316281789024895, 80.28700210365808, 15.72412066115749, 8254.747036444465
0.75, 0.0528430606671, 0.001333706388174776, 80.43897734340514, 15.46259392039946, 8025.017644893565
0.75, 0.052900984414, 0.001350737022427558, 80.58919566012779, 15.20568730821724, 7805.023163296289
0.75, 0.0529600881974, 0.001367315003563783, 80.73774565501195, 14.95325039298472, 7594.439996675532
0.75, 0.053020396059, 0.00138338134729592, 80.88471711330668, 14.70511846870319, 7392.946892897085
0.75, 0.0530819325303, 0.001398876874339258, 81.03020070051276, 14.46111358302439, 7200.226113869924
0.75, 0.0531447226427, 0.001413742281151325, 81.17428770035131, 14.22104547001456, 7015.964432363031
0.75, 0.0532087919372, 0.001427918182471111, 81.31706979203778, 13.9847123839841, 6839.853964236263
0.75, 0.0532741664754, 0.001441345127356564, 81.45863886944332, 13.75190182372663, 6671.592840489365
0.75, 0.0533408728498, 0.001453963591403379, 81.59908689583273, 13.52239115212937, 6510.885735007831
0.75, 0.0534089381946, 0.001465713947597067, 81.73850579503069, 13.29594810551049, 6357.444255392494
0.75, 0.0534783901969, 0.001476536417290173, 81.87698737648482, 13.07233119289413, 6210.987208310833
0.75, 0.0535492571076, 0.001486370998062829, 82.01462329084409, 12.85128998745311, 6071.240751633933
0.75, 0.0536215677534, 0.001495157361347189, 82.15150501780782, 12.63256530453174, 5937.938440019258
0.75, 0.0536953515483, 0.001502834722506974, 82.28772388286855, 12.41588926945913, 5810.821176018133
0.75, 0.0537706385052, 0.001509341692346536, 82.42337110323338, 12.20098527093356, 5689.637073269574
0.75, 0.0538474592487, 0.001514616114440763, 82.55853786357044, 11.98756779467192, 5574.141237518953
0.75, 0.0539258450274, 0.001518594889827481, 82.69331541734968, 11.77534213851678, 5464.09547400389
0.75, 0.0540058277262, 0.001521213789828027, 82.82779521425284, 11.56400400184836, 5359.267923959583
0.75, 0.0540874398798, 0.001522407258666501, 82.96206905539118, 11.35323893862132, 5259.432630654801
0.75, 0.0541707146857, 0.00152210820907055, 83.09622927338866, 11.14272166840951, 5164.369036928892
0.75, 0.0542556860177, 0.001520247814948138, 83.2303689392762, 10.93211523003805, 5073.861410212732
0.75, 0.0543423884396, 0.001516755307331225, 83.3645820958207, 10.72106996312919, 4987.698190450288
0.75, 0.0544308572195, 0.001511557781434714, 83.49896401789363, 10.50922229855283, 4905.671253133677
0.75, 0.0545211283439, 0.001504580026590943, 83.6336114981348, 10.29619333919576, 4827.575078241068
0.75, 0.0546132385325, 0.001495744393831564, 83.76862315782927, 10.08158720725607, 4753.205812020618
0.75, 0.054707225253, 0.001484970701132415, 83.90409977902029, 9.86498913746323, 4682.360207947392
0.75, 0.0548031267366, 0.001472176185238414, 84.04014465776064, 9.645963294264744, 4614.834430915628
0.75, 0.0549009819932, 0.001457275544088701, 84.17686397221905, 9.424050306151594, 4550.422712811017
0.75, 0.0550008308274, 0.001440181123135499, 84.31436715669427, 9.198764533685015, 4488.915855943926
0.75, 0.055102713855, 0.001420803321841427, 84.45276726374458, 8.969591146265278, 4430.099603434054
0.75, 0.0552066725189, 0.001399051353653708, 84.59218128373682, 8.735983186192092, 4373.752934852801
0.75, 0.0553127491065, 0.001374834590243692, 84.7327303743811, 8.497358961689825, 4319.64639448671
0.75, 0.0554209867667, 0.001348064864200795, 84.87453990931078, 8.253100385618863, 4267.540624877563
0.75, 0.0555314295275, 0.001318660265882856, 85.01773919577391, 8.002553253244116, 4217.185345965573
0.75, 0.0556441223138, 0.001286551130002088, 85.16246061341577, 7.745030948387949, 4168.319074459191
0.75, 0.0557591109658, 0.001251689027108887, 85.30883778665672, 7.479823611950011, 4120.669870581091
0.75, 0.0558764422574, 0.00121405957602665, 85.45700220505795, 7.206215263669893, 4073.957255233783
0.75, 0.0559961639158, 0.001173699679418088, 85.60707744804573, 6.923511469274066, 4027.895053437373
0.75, 0.0561183246401, 0.0011307193929317, 85.7591698393804, 6.631079574652921, 3982.194208227092
0.75, 0.0562429741219, 0.001085328674371154, 85.91335394502403, 6.328402077190457, 3936.563630416078
0.75, 0.0563701630649, 0.001037872334011584, 86.06965061899804, 6.01514224145536, 3890.70643395747
0.75, 0.0564999432059, 0.0009888904481666612, 86.22799337567257, 5.691223009737714, 3844.309446269097
0.75, 0.0566323673357, 0.0009392715382581858, 86.38817222747137, 5.356938753274495, 3797.028868127662
0.75, 0.0567674893207, 0.0008907115052024863, 86.5497201927653, 5.015243654824538, 3749.535012250461
0.75, 0.0569053641246, 0.0008451324810189018, 86.71178833889498, 4.670257566068907, 3702.248983503039
0.75, 0.0570460478307, 0.0008037581507521995, 86.87313605872451, 4.32442712212209, 3654.494726839812
0.75, 0.0571895976653, 0.0007672307870337672, 87.03222597616144, 3.979838404405282, 3605.410211153984
0.75, 0.0573360720201, 0.0007356013290843402, 87.18736640108665, 3.638416587595358, 3554.144967811658
0.75, 0.0574855304769, 0.0007077682044477311, 87.33694097150561, 3.302250570473844, 3500.106614114905
0.75, 0.0576380338308, 0.0006779848232513853, 87.47994162592504, 2.972789639968843, 3442.92810558176
0.75, 0.0577936441158, 0.0006157377293015271, 87.61788139340673, 2.644400019299304, 3380.765109842207
0.75, 0.0579524246298, 0.0005496656825248501, 87.75200235213748, 2.311326596871809, 3310.376284801582
0.75, 0.0581144399601, 0.0004816822959144003, 87.88079659634363, 1.975187464008578, 3228.444726588624
0.75, 0.0582797560098, 0.0004123344209707056, 88.00198074962522, 1.639360903820274, 3130.41215202939
0.75, 0.0584484400246, 0.0003424869703997092, 88.11241676824933, 1.308981855845929, 3009.513970699932
0.75, 0.0586205606204, 0.0002734595470791201, 88.20780021765822, 0.9914935551858721, 2855.175400222053
0.75, 0.0587961878108, 0.0002072356524645583, 88.2823597831403, 0.6974095940266998, 2650.250060401967
0.75, 0.0589753930359, 0.0001467092699907473, 88.3290308873667, 0.4409360673415292, 2367.04282035328
0.75, 0.0591582491912, 9.567433349273677e-05, 88.34160598041963, 0.2390184017045665, 1967.635401317989
0.75, 0.0593448306573, 5.755890714418534e-05, 88.3209193780994, 0.1050587525898121, 1437.621558037305
0.75, 0.0595352133302, 3.260363410611621e-05, 88.27981947918532, 0.03604245735494868, 870.7347948844998
0.75, 0.0597294746519, 1.698254642596789e-05, 88.23381739522289, 0.009573397435283836, 444.0297215019528
0.75, 0.0599276936424, 6.305776194133487e-06, 88.18948917616713, 0.001917088732643607, 239.4769109238103
0.75, 0.0601299509314, 1.340579544623888e-06, 88.1479935195911, 0.0003104866533834465, 182.4407976342306
0.75, 0.0603363287914, 2.393665484531286e-07, 88.10868268603116, 5.214455641621477e-05, 171.6046977349398
0.75, 0.0605469111708, 7.633070463090805e-08, 88.06980870617443, 1.642353152263078e-05, 169.4974833087832
0.75, 0.0607617837286, 5.538123793029294e-08, 88.03043970742199, 1.184774920822542e-05, 168.5317453498226
0.75, 0.0609810338686, 5.305596834320687e-08, 87.99039823330506, 1.125136113189739e-05, 167.0675498159089
0.75, 0.0612047507755, 5.299801893057038e-08, 87.94967034643405, 1.113220386159619e-05, 165.4839089743047
0.75, 0.0614330254508, 5.319365476378859e-08, 87.90824781324888, 1.106804937181407e-05, 163.9300986368594
0.75, 0.06166595075, 5.341048205748643e-08, 87.8661210138437, 1.101095999266494e-05, 162.4274902986863
0.75, 0.0619036214204, 5.362348050206384e-08, 87.82328064660344, 1.09558773085312e-05, 160.9780390060056
0.75, 0.0621461341397, 5.383054416046995e-08, 87.77971743683749, 1.090236378888606e-05, 159.5806458211975
0.75, 0.0623935875549, 5.403204532952562e-08, 87.73542190136746, 1.085043017610854e-05, 158.2333200961662
0.75, 0.0626460823228, 5.422872303633914e-08, 87.69038459130628, 1.080010781916226e-05, 156.9334079137177
0.75, 0.0629037211512, 5.442132855329232e-08, 87.64459704932487, 1.075141106222571e-05, 155.6781102396012
0.75, 0.06316660884, 5.461060962009085e-08, 87.59804955593289, 1.070433634498774e-05, 154.4645099856809
0.75, 0.0634348523244, 5.479738777754606e-08, 87.55073268442524, 1.065886362397825e-05, 153.2893699074285
0.75, 0.0637085607179, 5.498245873447222e-08, 87.50263715046383, 1.061495899855866e-05, 152.1494519052046
0.75, 0.0639878453573, 5.516658953419544e-08, 87.45375368748572, 1.057257594612221e-05, 151.0415330980191
0.75, 0.0642728198474, 5.535054534646089e-08, 87.40407305282761, 1.053164822182387e-05, 149.9622234546375
0.75, 0.0645636001077, 5.553498542642696e-08, 87.35358603839279, 1.049211597832488e-05, 148.9086134902252
0.75, 0.0648603044192, 5.572047873637363e-08, 87.30228347713381, 1.045391817917275e-05, 147.8781041229597
0.75, 0.0651630534725, 5.590767368766343e-08, 87.25015624885648, 1.041696023239383e-05, 146.8674886365113
0.75, 0.0654719704172, 5.609713471658998e-08, 87.19719528810606, 1.038115136944917e-05, 145.873918492704
0.75, 0.0657871809119, 5.628938329381853e-08, 87.14339159225521, 1.034639673264463e-05, 144.8946725800311
0.75, 0.066108813175, 5.648488429169839e-08, 87.08873622951243, 1.0312598020066e-05, 143.9271947696925
0.75, 0.0664369980371, 5.668405822114621e-08, 87.0332202992765, 1.027965487488082e-05, 142.9690749422588
0.75, 0.0667718689945, 5.688730668014994e-08, 86.97683483818346, 1.024746643679469e-05, 142.018001332939
0.75, 0.067113562263, 5.709498271093432e-08, 86.91957151958347, 1.021593327297162e-05, 141.0718581142295
0.75, 0.0674622168334, 5.730738348686695e-08, 86.861421824659, 1.01849591334756e-05, 140.1287611017409
0.75, 0.0678179745283, 5.752477802750453e-08, 86.80237713649899, 1.015445271225177e-05, 139.1870073363782
0.75, 0.0681809800598, 5.774741003669725e-08, 86.74242910210955, 1.012432912062841e-05, 138.2450841087484
0.75, 0.0685513810879, 5.797548106990411e-08, 86.68156951861141, 1.009451148538429e-05, 137.3017262495731
0.75, 0.0689293282811, 5.8209161252742e-08, 86.61979032139277, 1.00649318010064e-05, 136.355895619196
0.75, 0.0693149753773, 5.8448593394062e-08, 86.55708359636894, 1.003553138616617e-05, 135.4067718239205
0.75, 0.0697084792466, 5.869390039524467e-08, 86.49344159034838, 1.000626069825627e-05, 134.4537270975808
0.75, 0.0701099999551, 5.894519393505084e-08, 86.42885672188164, 9.977078606915108e-06, 133.4962921110151
0.75, 0.0705197008297, 5.920258086985229e-08, 86.3633215920626, 9.947951333707006e-06, 132.5341238999438
0.75, 0.0709377485249, 5.946617057094872e-08, 86.29682899578142, 9.918851112551024e-06, 131.5669692530512
0.75, 0.0713643130903, 5.97360798273984e-08, 86.22937193312798, 9.889754876155123e-06, 130.5946352810638
0.75, 0.0717995680402, 6.001243558249883e-08, 86.16094362075543, 9.860643116745788e-06, 129.6169681157059
0.75, 0.0722436904237, 6.029537618495782e-08, 86.09153750339277, 9.831499006304354e-06, 128.6338389570328
0.75, 0.0726968608967, 6.058505129778797e-08, 86.02114726576221, 9.802307819154388e-06, 127.6451373631106
0.75, 0.0731592637962, 6.08816208629939e-08, 85.94976684421601, 9.77305662334551e-06, 126.650770152351
0.75, 0.073631087214, 6.118525358493687e-08, 85.87739043942115, 9.743734159462508e-06, 125.6506636315946
0.75, 0.0741125230744, 6.149612472530688e-08, 85.80401252971801, 9.71433081529425e-06, 124.6447682229866
0.75, 0.0746037672115, 6.181441285381547e-08, 85.72962785803021, 9.68483861911526e-06, 123.6330650392562
0.75, 0.0751050194492, 6.214030953197746e-08, 85.65423137706281, 9.655251172203633e-06, 122.6155456108506
0.75, 0.0756164836824, 6.247400179131946e-08, 85.57781877238097, 9.625563576699934e-06, 121.5922460587716
0.75, 0.0761383679601, 6.281567289743225e-08, 85.50038560421463, 9.59577236840231e-06, 120.5632433871899
0.75, 0.0766708845695, 6.316551729146737e-08, 85.42192791617674, 9.565875278632245e-06, 119.5286229265513
0.75, 0.0772142501231, 6.35237277203373e-08, 85.34244212200142, 9.535871157822989e-06, 118.4885021375064
0.75, 0.0777686856462, 6.389049813131454e-08, 85.26192500232655, 9.505759832592134e-06, 117.4430225260207
0.75, 0.0783344166673, 6.426602388294215e-08, 85.18037372055042, 9.475541984069996e-06, 116.3923471739911
0.75, 0.0789116733091, 6.465050171714486e-08, 85.09778583675084, 9.445219033168322e-06, 115.336658833195
0.75, 0.0795006903832, 6.50441296586243e-08, 85.01415932146051, 9.414793034187165e-06, 114.2761582623259
0.75, 0.0801017074846, 6.544710686446398e-08, 84.92949256992729, 9.384266581028994e-06, 113.211062802995
0.75, 0.0807149690896, 6.585963346671748e-08, 84.84378441617743, 9.353642730542937e-06, 112.1416051627805
0.75, 0.0813407246553, 6.628191043449475e-08, 84.7570341471121, 9.322924943606352e-06, 111.0680323604464
0.75, 0.081979228721, 6.671413944507633e-08, 84.66924151655601, 9.29211703978679e-06, 109.9906047980461
0.75, 0.0826307410117, 6.715652273259084e-08, 84.58040675916433, 9.26122315906359e-06, 108.9095954308284
0.75, 0.0832955265437, 6.760926288133442e-08, 84.49053060445529, 9.230247725519204e-06, 107.8252890221766
0.75, 0.0839738557325, 6.807256255521202e-08, 84.3996142904714, 9.199195411233266e-06, 106.7379814676322
0.75, 0.0846660045029, 6.854662417210809e-08, 84.30765957763334, 9.168071101513033e-06, 105.6479791771496
0.75, 0.0853722544008, 6.903164953070558e-08, 84.21466876256159, 9.136879862493717e-06, 104.5555985086893
0.75, 0.0860928927084, 6.952783938837096e-08, 84.12064469161125, 9.105626911142688e-06, 103.4611652482131
0.75, 0.0868282125605, 7.003539298699823e-08, 84.0255907744733, 9.074317586765093e-06, 102.3650141231198
0.75, 0.0875785130638, 7.0554507530302e-08, 83.92951099746922, 9.042957324071252e-06, 101.2674883386291
0.75, 0.088344099419, 7.108537769700697e-08, 83.83240993657898, 9.0115516247395e-06, 100.1689389781317
0.75, 0.0891252830444, 7.162821609398347e-08, 83.73429277014644, 8.98010474741726e-06, 99.06968124516965
0.75, 0.0899223817029, 7.218325336666155e-08, 83.63516529128742, 8.948619789309773e-06, 97.96999739394161
0.75, 0.0907357196312, 7.275052605546874e-08, 83.53503392021241, 8.917111247076876e-06, 96.87055779881001
0.75, 0.0915656276715, 7.333029351687685e-08, 83.43390571578166, 8.885579790426914e-06, 95.77157423243072
0.75, 0.0924124434066, 7.39227300267769e-08, 83.33178838706418, 8.854030956339148e-06, 94.67342783323618
0.75, 0.0932765112965, 7.452800184183887e-08, 83.22869030454721, 8.82247036104522e-06, 93.576508063068
0.75, 0.094158182819, 7.514626783669312e-08, 83.12462051089574, 8.790903585884037e-06, 92.48120912575297
0.75, 0.0950578166127, 7.577767842709469e-08, 83.01958873046999, 8.759336155290207e-06, 91.38792961139984
0.75, 0.0959757786224, 7.64223748373571e-08, 82.91360536807247, 8.727773516457077e-06, 90.29707165132336
0.75, 0.0969124422487, 7.70804882706066e-08, 82.80668154537081, 8.696221017399743e-06, 89.20904012715178
0.75, 0.0978681884991, 7.77521374748403e-08, 82.69882912070344, 8.66468388829653e-06, 88.12424368378336
0.75, 0.0988434061435, 7.843742828306874e-08, 82.59006061622893, 8.633167229395006e-06, 87.04309334877861
0.75, 0.0998384918724, 7.913645307328753e-08, 82.48038930062711, 8.601675990775923e-06, 85.96600117960614
0.75, 0.100853850458, 7.984928860690575e-08, 82.36982917489473, 8.570214965551945e-06, 84.89338078890498
0.75, 0.101889894918, 8.057599502404522e-08, 82.25839497706623, 8.538788779598702e-06, 83.8256464309033
0.75, 0.102947046686, 8.131661451100947e-08, 82.14610218753008, 8.507401882655997e-06, 82.76321240792939
0.75, 0.104025735781, 8.207116990404517e-08, 82.03296703347185, 8.476058537595591e-06, 81.70649246023646
0.75, 0.105126400982, 8.283966319696284e-08, 81.91900649245343, 8.444762806132146e-06, 80.65589915695564
0.75, 0.106249490008, 8.362207393041907e-08, 81.80423829493344, 8.413518529201838e-06, 79.61184329178562
0.75, 0.107395459699, 8.44183574474874e-08, 81.68868092620745, 8.382329301626498e-06, 78.57473329112779
0.75, 0.108564776202, 8.52284430288817e-08, 81.57235362718038, 8.351198442676019e-06, 77.54497463415083
0.75, 0.109757915162, 8.6052231959908e-08, 81.4552763943102, 8.320128966687244e-06, 76.52296927479361
0.75, 0.110975361913, 8.688959560794872e-08, 81.3374699786423, 8.289123559683421e-06, 75.50911505511795
0.75, 0.112217611676, 8.774037359520621e-08, 81.21895588373538, 8.258184566956038e-06, 74.50380509423125
0.75, 0.113485169764, 8.860437209990206e-08, 81.09975636215466, 8.227313992287963e-06, 73.50742715055624
0.75, 0.114778551782, 8.948136224706025e-08, 80.979894411771, 8.196513503513347e-06, 72.52036296407705
0.75, 0.116098283841, 9.03710784832339e-08, 80.85939377003055, 8.16578443452547e-06, 71.54298759397818
0.75, 0.117444902769, 9.127321681261676e-08, 80.73827890789322, 8.135127773908198e-06, 70.57566877023118
0.75, 0.118818956332, 9.218743282950648e-08, 80.61657502203559, 8.10454413620149e-06, 69.61876627309935
0.75, 0.120221003455, 9.311333957768414e-08, 80.49430802629416, 8.074033719823558e-06, 68.67263134582751
0.75, 0.121651614451, 9.40505053541307e-08, 80.37150454160263, 8.04359626135612e-06, 67.73760613407585
0.75, 0.12311137125, 9.499845160915938e-08, 80.24819188499279, 8.01323099652659e-06, 66.81402313659157
0.75, 0.12460086764, 9.595665106289795e-08, 80.12439805695865, 7.98293663392794e-06, 65.90220465101953
0.75, 0.126120709504, 9.69245260860039e-08, 80.00015172804842, 7.95271134171472e-06, 65.0024622097353
0.75, 0.127671515071, 9.790144731981484e-08, 79.87548222386435, 7.922552742352993e-06, 64.11509600924241
0.75, 0.129253915162, 9.888673245376954e-08, 79.750419509224, 7.89245790782964e-06, 63.24039434881301
0.75, 0.130868553453, 9.987964506151143e-08, 79.62499417048765, 7.862423348269359e-06, 62.37863310054249
0.75, 0.132516086732, 1.008793934375092e-07, 79.49923739714141, 7.832444989843114e-06, 61.53007522172429
0.75, 0.134197185167, 1.018851294374809e-07, 79.37318096187991, 7.802518142288924e-06, 60.69497031312291
0.75, 0.135912532581, 1.028959473829538e-07, 79.24685719920664, 7.772637459187369e-06, 59.87355421459821
0.75, 0.137662826728, 1.039108831089936e-07, 79.12029898321198, 7.742796894154944e-06, 59.06604862265222
0.75, 0.139448779576, 1.049289132147144e-07, 78.99353970396717, 7.712989654476607e-06, 58.27266071819154
0.75, 0.1412711176, 1.059489545690037e-07, 78.86661324241332, 7.68320815405504e-06, 57.49358280258269
0.75, 0.143130582073, 1.069698641723154e-07, 78.73955394443817, 7.653443972493055e-06, 56.72899195257202
0.75, 0.145027929373, 1.07990439548543e-07, 78.61239659316495, 7.623687832976794e-06, 55.97904971307085
0.75, 0.146963931284, 1.090094198295769e-07, 78.48517638070877, 7.593929609531145e-06, 55.24390184310796
0.75, 0.148939375318, 1.100254874987356e-07, 78.3579288781488, 7.564158358524499e-06, 54.52367811924587
0.75, 0.150955065026, 1.1103727043339e-07, 78.23069000522601, 7.534362345733699e-06, 53.81849218473103
0.75, 0.153011820334, 1.120433436792836e-07, 78.10349599805934, 7.504529028383819e-06, 53.1284414269826
0.75, 0.15511047787, 1.13042230576681e-07, 77.9763833764385, 7.474644968809567e-06, 52.45360687184048
0.75, 0.157251891308, 1.140324034754456e-07, 77.84938890958257, 7.444695700878725e-06, 51.79405309583625
0.75, 0.159436931711, 1.15012284898248e-07, 77.72254958118994, 7.414665611085604e-06, 51.14982817459715
0.75, 0.161666487892, 1.15980250044215e-07, 77.59590255323702, 7.384537893181257e-06, 50.52096368781732
0.75, 0.163941466769, 1.169346307238705e-07, 77.46948512951892, 7.354294577925043e-06, 49.90747478860665
0.75, 0.166262793738, 1.178737197116871e-07, 77.3433347180405, 7.323916568212017e-06, 49.30936032488147
0.75, 0.168631413048, 1.187957740520884e-07, 77.21748879263146, 7.293383587451184e-06, 48.72660299106276
0.75, 0.171048288184, 1.196990165205958e-07, 77.09198485385434, 7.262673998958178e-06, 48.15916949496098
0.75, 0.173514402261, 1.205816357067204e-07, 76.96686038895945, 7.231764536831088e-06, 47.60701074498814
0.75, 0.176030758424, 1.214417860819498e-07, 76.84215283147272, 7.20063004096569e-06, 47.0700620790909
0.75, 0.178598380252, 1.222775892847599e-07, 76.71789952060891, 7.169243272696227e-06, 46.54824355252926
0.75, 0.181218312181, 1.230871367924584e-07, 76.59413765986038, 7.137574816713603e-06, 46.04146028197548
0.75, 0.183891619922, 1.238684929082622e-07, 76.47090427561879, 7.105593000430938e-06, 45.54960282420664
0.75, 0.1866193909, 1.246196964656109e-07, 76.34823617502283, 7.073263738081183e-06, 45.07254756971436
0.75, 0.189402734694, 1.253387602216789e-07, 76.22616990370204, 7.040550249270607e-06, 44.61015715015953
0.75, 0.192242783487, 1.260236680118864e-07, 76.10474170355606, 7.007412669728186e-06, 44.1622808772299
0.75, 0.195140692528, 1.266723702647188e-07, 75.98398747050128, 6.973807599397171e-06, 43.72875522911157
0.75, 0.198097640604, 1.27282777944269e-07, 75.86394271231076, 6.939687597106013e-06, 43.30940438040469
0.75, 0.201114830515, 1.278527540631507e-07, 75.74464250674967, 6.905000577175334e-06, 42.90404075419551
0.75, 0.204193489567, 1.283801014971969e-07, 75.62612145952284, 6.869689044554126e-06, 42.51246557968978
0.75, 0.207334870069, 1.288625458018417e-07, 75.50841366272975, 6.83368911036352e-06, 42.13446945926021
0.75, 0.210540249843, 1.292977112525564e-07, 75.39155265379911, 6.79692920989911e-06, 41.76983296179872
0.75, 0.213810932747, 1.296830872748382e-07, 75.27557137500095, 6.759328392667511e-06, 41.41832724942331
0.75, 0.217148249198, 1.300159815399973e-07, 75.16050213380296, 6.720794011488124e-06, 41.07971472343171
0.75, 0.22055355672, 1.30293455456068e-07, 75.04637656347907, 6.681218616945995e-06, 40.75374966931618
0.75, 0.224028240495, 1.305122359531861e-07, 74.93322558463794, 6.640475781401234e-06, 40.44017889764399
0.75, 0.227573713923, 1.30668590314561e-07, 74.82107936787231, 6.598414230661991e-06, 40.13874239536775
0.75, 0.2311914192, 1.30758130880712e-07, 74.7099672973315, 6.554848692246624e-06, 39.84917399820922
0.75, 0.234882827903, 1.307754698018458e-07, 74.59991793545376, 6.509543623624697e-06, 39.57120207318011
0.75, 0.238649441592, 1.30713540352224e-07, 74.49095898876676, 6.462181047911205e-06, 39.30455018970977
0.75, 0.242492792415, 1.305621426966565e-07, 74.38311727506336, 6.412291447142918e-06, 39.04893777256461
0.75, 0.246414443736, 1.303043632627645e-07, 74.27641869178169, 6.359083299321275e-06, 38.80408075065791
0.75, 0.25041599077, 1.299045612817587e-07, 74.17088818620212, 6.300869425863154e-06, 38.56969221386119
0.75, 0.254499061231, 1.292008788894306e-07, 74.06654972598649, 6.229908907843964e-06, 38.34548306096211
0.75, 0.258665315992, 1.282934044386611e-07, 73.96342627273707, 6.151186091496251e-06, 38.13116262484346
0.75, 0.262916449767, 1.27423429756293e-07, 73.86153975918307, 6.076292788454625e-06, 37.92643929060908
0.75, 0.267254191793, 1.265946518966898e-07, 73.7609110651716, 6.00529661229516e-06, 37.73102109528577
0.75, 0.271680306538, 1.25805666214441e-07, 73.66155999284028, 5.938024825523306e-06, 37.5446163066184
0.75, 0.276196594418, 1.250550654211611e-07, 73.5635052493384, 5.874309988412893e-06, 37.36693399146488
0.75, 0.280804892528, 1.243414617337514e-07, 73.46676442909016, 5.813990775653627e-06, 37.19768455498203
0.75, 0.28550707539, 1.236634883956071e-07, 73.37135399797069, 5.756911808655538e-06, 37.03658025032321
0.75, 0.290305055716, 1.230198010757217e-07, 73.27728927978926, 5.702923490610209e-06, 36.88333567875445
0.75, 0.295200785186, 1.224090791952905e-07, 73.18458444488876, 5.651881845882659e-06, 36.73766827145167
0.75, 0.300196255241, 1.218300271034877e-07, 73.09325250082185, 5.603648357556107e-06, 36.59929873292209
0.75, 0.305293497893, 1.212813751119317e-07, 73.00330528515585, 5.558089804435504e-06, 36.46795144797569
0.75, 0.310494586554, 1.207618804725517e-07, 72.91475346046289, 5.515078104853796e-06, 36.3433548723927
0.75, 0.315801636876, 1.202703283057835e-07, 72.82760651167231, 5.474490167822894e-06, 36.22524190797058
0.75, 0.321216807612, 1.198055323978944e-07, 72.74187274549736, 5.436207744729912e-06, 36.11335024104947
0.75, 0.326742301499, 1.19366335848456e-07, 72.65755929203777, 5.400117280122501e-06, 36.00742263967413
0.75, 0.332380366147, 1.189516116488072e-07, 72.57467210869979, 5.366109768282785e-06, 35.90720722935696
0.75, 0.338133294957, 1.185602632173604e-07, 72.49321598618577, 5.334080617466069e-06, 35.81245775331582
0.75, 0.344003428055, 1.181912248243727e-07, 72.41319455671884, 5.303929515956475e-06, 35.72293379988509
0.75, 0.349993153241, 1.178434618818504e-07, 72.33461030438826, 5.275560297730941e-06, 35.63840099077344
0.75, 0.356104906962, 1.175159711658647e-07, 72.25746457753309, 5.24888081307802e-06, 35.55863114740487
0.75, 0.362341175302, 1.172077809855273e-07, 72.18175760321846, 5.223802804923749e-06, 35.48340243853114
0.75, 0.368704494995, 1.169179512402888e-07, 72.10748850368033, 5.200241785672883e-06, 35.41249949411348
0.75, 0.375197454456, 1.166455733718631e-07, 72.03465531471741, 5.1781169147955e-06, 35.34571348744996
0.75, 0.381822694831, 1.163897702918986e-07, 71.96325500596039, 5.157350883470122e-06, 35.28284220671127
0.75, 0.388582911078, 1.161496962720359e-07, 71.89328350284327, 5.137869804649406e-06, 35.22369011207288
0.75, 0.395480853057, 1.159245367106989e-07, 71.82473571040266, 5.119603101050123e-06, 35.16806835612302
0.75, 0.402519326651, 1.157135077982272e-07, 71.75760553862746, 5.102483392513113e-06, 35.11579477356584
0.75, 0.409701194907, 1.155158561714525e-07, 71.69188592938603, 5.086446389832959e-06, 35.06669386436431
0.75, 0.417029379202, 1.15330858531406e-07, 71.62756888474269, 5.071430792370489e-06, 35.02059676320432
0.75, 0.424506860429, 1.151578211541712e-07, 71.56464549666579, 5.057378183266062e-06, 34.97734117694097
0.75, 0.43213668021, 1.149960793652504e-07, 71.50310597793438, 5.044232927735924e-06, 34.93677130932907
0.75, 0.439921942137, 1.148449970280405e-07, 71.44293969417704, 5.031942078194162e-06, 34.89873778666987
0.75, 0.447865813028, 1.14703965972011e-07, 71.38413519698148, 5.020455279556385e-06, 34.86309756401648
0.75, 0.455971524219, 1.145724053234871e-07, 71.3266802578388, 5.009724671314889e-06, 34.82971380217634
0.75, 0.464242372881, 1.144497608389527e-07, 71.27056190288431, 4.999704794379734e-06, 34.7984557431832
0.75, 0.472681723354, 1.143355042548585e-07, 71.21576644839921, 4.990352503423553e-06, 34.76919858786981
0.75, 0.481293008523, 1.142291325565939e-07, 71.16227953679157, 4.981626876241592e-06, 34.74182334857809
0.75, 0.490079731208, 1.141301672153225e-07, 71.11008617307526, 4.973489123960865e-06, 34.71621669105149
0.75, 0.499045465595, 1.140381534694873e-07, 71.05917076161332, 4.965902508244928e-06, 34.69227078727376
0.75, 0.508193858685, 1.139526595923287e-07, 71.00951714316474, 4.958832260182916e-06, 34.66988316225554
0.75, 0.517528631779, 1.138732760854512e-07, 70.9611086320244, 4.952245495551237e-06, 34.64895651776379
0.75, 0.527053581994, 1.137996148907082e-07, 70.91392805313372, 4.946111134083676e-06, 34.62939856002285
0.75, 0.536772583802, 1.137313086571581e-07, 70.86795777906346, 4.940399825577648e-06, 34.61112184179725
0.75, 0.546689590614, 1.136680099494439e-07, 70.82317976682175, 4.93508387287197e-06, 34.5940435853061
0.75, 0.55680863638, 1.13609390438671e-07, 70.77957559442316, 4.930137155073023e-06, 34.57808549846572
0.75, 0.567133837235, 1.135551401592816e-07, 70.73712649696809, 4.925535058037222e-06, 34.56317360953777
0.75, 0.577669393173, 1.135049667617675e-07, 70.69581340220243, 4.921254405782007e-06, 34.54923809848122
0.75, 0.588419589753, 1.134585947205198e-07, 70.65561696555856, 4.917273389123017e-06, 34.53621311250204
0.75, 0.599388799843, 1.134157645850858e-07, 70.61651760456749, 4.91357149922138e-06, 34.52403659386314
0.75, 0.610581485401, 1.133762323017041e-07, 70.57849553252, 4.910129468236329e-06, 34.51265012821791
0.75, 0.622002199287, 1.133397684886066e-07, 70.541530791284, 4.90692920652308e-06, 34.50199877563339
0.75, 0.633655587118, 1.133061576939105e-07, 70.50560328321453, 4.903953738898564e-06, 34.49203089395654
0.75, 0.645546389155, 1.132751977512705e-07, 70.4706928022634, 4.901187150300915e-06, 34.48269799278001
0.75, 0.657679442231, 1.132466991338723e-07, 70.43677906411203, 4.898614531636678e-06, 34.47395458423615
0.75, 0.670059681722, 1.132204842764076e-07, 70.4038417352129, 4.89622192290276e-06, 34.46575801990063
0.75, 0.682692143551, 1.131963869495558e-07, 70.37186046076265, 4.893996261440463e-06, 34.45806834385699
0.75, 0.695581966238, 1.131742516926651e-07, 70.34081489156493, 4.891925335807087e-06, 34.45084816411338
0.75, 0.70873439299, 1.131539332256399e-07, 70.31068470988892, 4.889997737595418e-06, 34.44406251284865
0.75, 0.722154773833, 1.131352958533823e-07, 70.28144965415164, 4.88820281246405e-06, 34.43767870064634
0.75, 0.73584856779, 1.13118212956344e-07, 70.25308954238672, 4.886530619541607e-06, 34.43166620111258
0.75, 0.7498213451, 1.131025664936778e-07, 70.22558429449296, 4.88497189186082e-06, 34.42599653685227
0.75, 0.764078789485, 1.130882464738789e-07, 70.19891395337349, 4.883517993151787e-06, 34.42064314786015
0.75, 0.778626700461, 1.130751504770775e-07, 70.17305870494165, 4.882160879611577e-06, 34.41558127764557
0.75, 0.793470995696, 1.130631832284563e-07, 70.14799889690899, 4.880893066720931e-06, 34.4107878779803
0.75, 0.808617713422, 1.130522561675821e-07, 70.12371505640414, 4.87970759510865e-06, 34.406241506973
0.75, 0.824073014883, 1.130422870062515e-07, 70.10018790636147, 4.878597994573516e-06, 34.40192221658243
0.75, 0.83984318685, 1.130331993487352e-07, 70.07739838084017, 4.877558254559973e-06, 34.39781146571637
0.75, 0.855934644172, 1.130249223429268e-07, 70.05532763919196, 4.876582797626569e-06, 34.39389204423779
0.75, 0.872353932389, 1.13017390309234e-07, 70.03395707918492, 4.875666449558152e-06, 34.39014797938625
0.75, 0.889107730392, 1.130105423906455e-07, 70.0132683489981, 4.87480441117174e-06, 34.38656444709094
0.75, 0.906202853141, 1.130043222493789e-07, 69.99324335813368, 4.873992235248595e-06, 34.38312770474404
0.75, 0.923646254438, 1.129986777857999e-07, 69.97386428730486, 4.873225805583076e-06, 34.37982503168824
0.75, 0.941445029753, 1.12993560832816e-07, 69.95511359726594, 4.872501311868037e-06, 34.37664464740906
0.75, 0.959606419113, 1.129889268844305e-07, 69.93697403678757, 4.871815228167543e-06, 34.37357564430066
0.75, 0.978137810047, 1.129847348564759e-07, 69.91942864990776, 4.871164295130224e-06, 34.37060793674523
0.75, 0.997046740587, 1.129809468571594e-07, 69.90246078242103, 4.870545502731928e-06, 34.36773221069981
0.75, 1.01634090234, 1.129775279512929e-07, 69.88605408726052, 4.869956070881586e-06, 34.36493985991256
0.75, 1.03602814361, 1.129744459482169e-07, 69.87019252841536, 4.869393432556526e-06, 34.36222293259529
0.75, 1.0561164726, 1.129716712152533e-07, 69.85486038386274, 4.868855220259323e-06, 34.35957409361097
0.75, 1.07661406066, 1.129691764962672e-07, 69.84004224883093, 4.868339252400594e-06, 34.35698658445472
0.75, 1.09752924562, 1.129669367321282e-07, 69.82572303941559, 4.867843518546065e-06, 34.35445417452823
0.75, 1.11887053517, 1.129649288964093e-07, 69.81188799347149, 4.867366166072992e-06, 34.35197111762046
0.75, 1.14064661032, 1.129631318521182e-07, 69.79852267142728, 4.866905489841245e-06, 34.34953212318867
0.75, 1.16286632896, 1.129615262212095e-07, 69.7856129567596, 4.866459922809114e-06, 34.34713233034783
0.75, 1.18553872942, 1.129600942726928e-07, 69.77314505583253, 4.866028026700318e-06, 34.3447672765082
0.75, 1.20867303418, 1.129588198836096e-07, 69.7611054972007, 4.865608488051086e-06, 34.34243288178175
0.75, 1.23227865361, 1.129576886978494e-07, 69.7494811304449, 4.865200130065294e-06, 34.34012548478775
0.75, 1.25636518978, 1.129566887132233e-07, 69.7382591245653, 4.864801957904634e-06, 34.33784198427335
0.75, 1.28094244041, 1.12955811445785e-07, 69.72742696593393, 4.864413245872299e-06, 34.33558010104159
0.75, 1.30602040281, 1.129550530091303e-07, 69.71697245589174, 4.864033618037247e-06, 34.33333861957095
0.75, 1.33160927797, 1.129544126786216e-07, 69.70688370798709, 4.863662939086408e-06, 34.33111705464611
0.75, 1.3577194747, 1.12953886934459e-07, 69.6971491448711, 4.863300866805434e-06, 34.32891430333462
0.75, 1.38436161387, 1.129534641570586e-07, 69.68775749492721, 4.862946451747083e-06, 34.32672743097325
0.75, 1.41154653274, 1.129531283503015e-07, 69.67869778861944, 4.862598417456149e-06, 34.32455251700905
0.75, 1.43928528935, 1.129528644839377e-07, 69.66995935462367, 4.862255562510118e-06, 34.32238586927583
0.75, 1.46758916701, 1.129526602815411e-07, 69.66153181571626, 4.86191689452021e-06, 34.32022442690781
0.75, 1.49646967893, 1.12952505823191e-07, 69.65340508448553, 4.861581601693213e-06, 34.31806568075969
0.75, 1.52593857287, 1.129523928677802e-07, 69.64556935888903, 4.861249001206782e-06, 34.3159075152637
0.75, 1.55600783591, 1.129523145540047e-07, 69.63801511765617, 4.860918516961697e-06, 34.31374814252602
0.75, 1.58668969937, 1.129522650639121e-07, 69.63073311556649, 4.860589653897286e-06, 34.31158602348989
0.75, 1.61799664373, 1.129522394152717e-07, 69.62371437863955, 4.860261981054359e-06, 34.30941981167151
0.75, 1.64994140376, 1.129522333421828e-07, 69.61695019922666, 4.859935124011295e-06, 34.3072483362338
0.75, 1.68253697366, 1.12952243201484e-07, 69.61043213104901, 4.85960875725678e-06, 34.30507057675988
0.75, 1.71579661237, 1.129522658956259e-07, 69.60415198417786, 4.859282598405426e-06, 34.30288564602129
0.75, 1.74973384894, 1.129522988003854e-07, 69.59810181999352, 4.858956402821919e-06, 34.30069277415004
0.75, 1.78436248806, 1.129523397064653e-07, 69.59227394612114, 4.858629958697947e-06, 34.2984912917809
0.75, 1.81969661566, 1.129523867697013e-07, 69.58666091136054, 4.858303082987817e-06, 34.29628061663026
0.75, 1.85575060464, 1.129524384693889e-07, 69.58125550064054, 4.857975618909392e-06, 34.29406024865661
0.75, 1.89253912072, 1.12952493557219e-07, 69.57605072998378, 4.857647431697609e-06, 34.29182975572684
0.75, 1.9300771284, 1.129525510271487e-07, 69.57103984152891, 4.857318406312029e-06, 34.28958876671466
0.75, 1.96837989705, 1.129526100812532e-07, 69.56621629857952, 4.856988444982023e-06, 34.28733696466713
0.75, 2.00746300715, 1.129526701002661e-07, 69.56157378072487, 4.856657464952098e-06, 34.28507407995564
0.75, 2.04734235656, 1.129527306220704e-07, 69.55710617905004, 4.856325395902803e-06, 34.28279987871721
0.75, 2.08803416705, 1.129527913194367e-07, 69.55280759140314, 4.855992179234103e-06, 34.28051416466752
0.75, 2.12955499087, 1.129528519759777e-07, 69.54867231774585, 4.855657765850109e-06, 34.27821677087152
0.75, 2.17192171749, 1.129529124860635e-07, 69.5446948556589, 4.855322116081956e-06, 34.27590755933047
0.75, 2.21515158047, 1.129529728318978e-07, 69.54086989592037, 4.854985197870318e-06, 34.27358641521221
0.75, 2.25926216447, 1.129530330671843e-07, 69.53719231821319, 4.85464698558743e-06, 34.27125324358897
0.75, 2.3042714124, 1.129530932952851e-07, 69.53365718697525, 4.854307458657741e-06, 34.2689079664215
0.75, 2.35019763271, 1.129531536458861e-07, 69.53025974739677, 4.853966599136894e-06, 34.26655051263499
0.75, 2.39705950686, 1.129532142262733e-07, 69.52699542157333, 4.853624388863938e-06, 34.26418081287937
0.75, 2.44487609691, 1.129532751258748e-07, 69.5238598048284, 4.853280809856367e-06, 34.26179880101223
0.75, 2.49366685327, 1.129533364070471e-07, 69.52084866220567, 4.852935843565939e-06, 34.25940441171388
0.75, 2.5434516226, 1.12953398127692e-07, 69.51795792516343, 4.852589472424262e-06, 34.25699758460245
0.75, 2.5942506559, 1.129534603411516e-07, 69.51518368848228, 4.852241679527519e-06, 34.25457826210426
0.75, 2.64608461676, 1.129535228192576e-07, 69.51252220740088, 4.851892427084964e-06, 34.25214632135307
0.75, 2.69897458972, 1.12953585726147e-07, 69.50996989497634, 4.85154170799098e-06, 34.24970173397443
0.75, 2.7529420889, 1.129536493811622e-07, 69.50752331972215, 4.851189527777898e-06, 34.24724451066183
0.75, 2.80800906672, 1.129537141316636e-07, 69.50517920350336, 4.850835894226639e-06, 34.24477466645443
0.75, 2.86419792283, 1.129537803432352e-07, 69.50293441978543, 4.850480817216807e-06, 34.24229222268882
0.75, 2.92153151322, 1.129538483905711e-07, 69.50078599212662, 4.850124307935587e-06, 34.23979720420987
0.75, 2.98003315955, 1.129539186508072e-07, 69.49873109317966, 4.849766378401201e-06, 34.23728963805251
0.75, 3.0397266586, 1.129539914991497e-07, 69.49676704395995, 4.849407041173251e-06, 34.23476955273856
0.75, 3.10063629194, 1.129540673063368e-07, 69.4948913136101, 4.849046309174934e-06, 34.23223697779738
0.75, 3.16278683586, 1.129541464372611e-07, 69.49310151965676, 4.84868419559707e-06, 34.22969194350318
0.75, 3.22620357141, 1.129542292502457e-07, 69.4913954288056, 4.848320713847252e-06, 34.22713448072066
0.75, 3.29091229466, 1.129543160966441e-07, 69.48977095833962, 4.847955877519468e-06, 34.22456462078661
0.75, 3.35693932727, 1.129544073205632e-07, 69.48822617820008, 4.847589700370271e-06, 34.22198239538483
0.75, 3.42431152711, 1.129545032586184e-07, 69.4867593138294, 4.847222196293849e-06, 34.21938783639019
0.75, 3.49305629925, 1.129546042396517e-07, 69.48536874989753, 4.846853379468915e-06, 34.21678097691917
0.75, 3.56320160707, 1.129547105844099e-07, 69.48405303498723, 4.846483264030796e-06, 34.21416184901997
0.75, 3.63477598366, 1.129548226051477e-07, 69.48281088742358, 4.846111864304941e-06, 34.21153048532861
0.75, 3.70780854339, 1.129549406051395e-07, 69.48164120238202, 4.845739194724126e-06, 34.20888691849236
0.75, 3.78232899381, 1.129550648780985e-07, 69.48054306047433, 4.845365269815405e-06, 34.2062311810858
0.75, 3.85836764767, 1.129551957074775e-07, 69.47951573805359, 4.844990104184797e-06, 34.20356330551213
0.75, 3.9359554353, 1.129553333656362e-07, 69.47855871950246, 4.844613712501041e-06, 34.20088332389891
0.75, 4.01512391717, 1.129554781128579e-07, 69.47767171183222, 4.844236109478539e-06, 34.19819126798944
0.75, 4.09590529672, 1.129556301961792e-07, 69.4768546619835, 4.843857309858916e-06, 34.19548716902536
0.75, 4.17833243348, 1.129557898480128e-07, 69.4761077773195, 4.843477328390534e-06, 34.19277105761703
0.75, 4.26243885643, 1.129559572845243e-07, 69.47543154983448, 4.843096179800523e-06, 34.19004296356024
0.75, 4.34825877762, 1.129561327037364e-07, 69.47482678469783, 4.842713878760191e-06, 34.18730291560323
0.75, 4.43582710612, 1.129563162834505e-07, 69.47429463299109, 4.84233043973321e-06, 34.18455094036142
0.75, 4.52517946218, 1.129565081791821e-07, 69.47383662886271, 4.84194587691769e-06, 34.18178706178309
0.75, 4.61635219177, 1.129567085244763e-07, 69.47345471521419, 4.841560201806474e-06, 34.17901128335212
0.75, 4.70938238131, 1.129569174397574e-07, 69.47315125720309, 4.841173425473799e-06, 34.17622360118261
0.75, 4.80430787279, 1.129571350812234e-07, 69.47292871804079, 4.84078551671411e-06, 34.17342369952016
0.75, 4.90116727915, 1.129573615880715e-07, 69.47278894917912, 4.84039725399201e-06, 34.17061699868001
0.75, 5.0, 1.129575548369335e-07, 69.47272778644569, 4.840146457318516e-06, 34.16878926325341
