"PointID","x","y","Density","Momentum_x","Momentum_y","Energy","Nu_Tilde","Pressure","Temperature","Mach","Pressure_Coefficient","Laminar_Viscosity","Skin_Friction_Coefficient_x","Skin_Friction_Coefficient_y","Heat_Flux","Y_Plus","Eddy_Viscosity"
96, 2.780639759250000e-16, 0.000000000000000e+00, 7.911915210865457e-01, 0.000000000000000e+00, 0.000000000000000e+00, 1.718531842119243e+05, 0.000000000000000e+00, 6.874127368476972e+04, 3.026678527101723e+02, 0.000000000000000e+00, 3.561617000809742e-02, 1.858512599868927e-05, 1.822266932146838e-02, 0.000000000000000e+00, -1.195494227003569e+02, 5.671842791904883e-01, 0.000000000000000e+00
97, 3.237759250030000e-03, 0.000000000000000e+00, 7.917056667550398e-01, 0.000000000000000e+00, 0.000000000000000e+00, 1.717934842989876e+05, 0.000000000000000e+00, 6.871739371959504e+04, 3.023662204023344e+02, 0.000000000000000e+00, 2.319704585991691e-02, 1.857091154958354e-05, 5.423615429068984e-03, 0.000000000000000e+00, -5.894429893170831e+00, 3.097675952145877e-01, 0.000000000000000e+00
98, 6.577799401510000e-03, 0.000000000000000e+00, 7.921439345562280e-01, 0.000000000000000e+00, 0.000000000000000e+00, 1.718139927864827e+05, 0.000000000000000e+00, 6.872559711459308e+04, 3.022350070060782e+02, 0.000000000000000e+00, 2.746334106478738e-02, 1.856472594760444e-05, 4.784431125115772e-03, 0.000000000000000e+00, -4.561776375914485e+00, 2.911196676705043e-01, 0.000000000000000e+00
99, 1.002287487650000e-02, 0.000000000000000e+00, 7.923350436977429e-01, 0.000000000000000e+00, 0.000000000000000e+00, 1.718172286908772e+05, 0.000000000000000e+00, 6.872689147635088e+04, 3.021677995625790e+02, 0.000000000000000e+00, 2.813649277355954e-02, 1.856155717772016e-05, 4.724542166658741e-03, 0.000000000000000e+00, -4.448121999678515e+00, 2.893761769442068e-01, 0.000000000000000e+00
100, 1.357578174370000e-02, 0.000000000000000e+00, 7.924357857818040e-01, 0.000000000000000e+00, 0.000000000000000e+00, 1.718219046679315e+05, 0.000000000000000e+00, 6.872876186717256e+04, 3.021376074765205e+02, 0.000000000000000e+00, 2.910921679766112e-02, 1.856013353640030e-05, 4.736675339348090e-03, 0.000000000000000e+00, -4.460802020897696e+00, 2.897881602816643e-01, 0.000000000000000e+00
101, 1.723935597490000e-02, 0.000000000000000e+00, 7.924820358737292e-01, 0.000000000000000e+00, 0.000000000000000e+00, 1.718248910705478e+05, 0.000000000000000e+00, 6.872995642821910e+04, 3.021252254930277e+02, 0.000000000000000e+00, 2.973046569107286e-02, 1.855954967117785e-05, 4.708212523661059e-03, 0.000000000000000e+00, -4.406494481964526e+00, 2.889336961303880e-01, 0.000000000000000e+00
102, 2.101647148920000e-02, 0.000000000000000e+00, 7.925025516544899e-01, 0.000000000000000e+00, 0.000000000000000e+00, 1.718270264110645e+05, 0.000000000000000e+00, 6.873081056442580e+04, 3.021211588160751e+02, 0.000000000000000e+00, 3.017467168186572e-02, 1.855935790684799e-05, 4.662983280354451e-03, 0.000000000000000e+00, -4.322285146667139e+00, 2.875492253947772e-01, 0.000000000000000e+00
103, 2.491003797560000e-02, 0.000000000000000e+00, 7.925115867190902e-01, 0.000000000000000e+00, 0.000000000000000e+00, 1.718286521113112e+05, 0.000000000000000e+00, 6.873146084452445e+04, 3.021205728843611e+02, 0.000000000000000e+00, 3.051285933068091e-02, 1.855933027710860e-05, 4.610081131815687e-03, 0.000000000000000e+00, -4.224779695707925e+00, 2.859154864531456e-01, 0.000000000000000e+00
104, 2.892299848160000e-02, 0.000000000000000e+00, 7.925158704121473e-01, 0.000000000000000e+00, 0.000000000000000e+00, 1.718300571681510e+05, 0.000000000000000e+00, 6.873202286726038e+04, 3.021214103185747e+02, 0.000000000000000e+00, 3.080514745089321e-02, 1.855936976649590e-05, 4.555607493230746e-03, 0.000000000000000e+00, -4.125524302209724e+00, 2.842214128881710e-01, 0.000000000000000e+00
105, 3.305832675690000e-02, 0.000000000000000e+00, 7.925181891625278e-01, 0.000000000000000e+00, 0.000000000000000e+00, 1.718313811780167e+05, 0.000000000000000e+00, 6.873255247120668e+04, 3.021228543143763e+02, 0.000000000000000e+00, 3.108057570676978e-02, 1.855943785829768e-05, 4.502350139898604e-03, 0.000000000000000e+00, -4.029617484750423e+00, 2.825545595414415e-01, 0.000000000000000e+00
106, 3.731902434280000e-02, 0.000000000000000e+00, 7.925197685205979e-01, 0.000000000000000e+00, 0.000000000000000e+00, 1.718327010252526e+05, 0.000000000000000e+00, 6.873308041010103e+04, 3.021245728538455e+02, 0.000000000000000e+00, 3.135513802809514e-02, 1.855951889603342e-05, 4.451062708596606e-03, 0.000000000000000e+00, -3.938320086268225e+00, 2.809396775124503e-01, 0.000000000000000e+00
107, 4.170811739390000e-02, 0.000000000000000e+00, 7.925212300190705e-01, 0.000000000000000e+00, 0.000000000000000e+00, 1.718340603685772e+05, 0.000000000000000e+00, 6.873362414743088e+04, 3.021264057609085e+02, 0.000000000000000e+00, 3.163791655620391e-02, 1.855960532652577e-05, 4.401731768261088e-03, 0.000000000000000e+00, -3.851490647219248e+00, 2.793774751572919e-01, 0.000000000000000e+00
108, 4.622865322460000e-02, 0.000000000000000e+00, 7.925229376331780e-01, 0.000000000000000e+00, 0.000000000000000e+00, 1.718354873895333e+05, 0.000000000000000e+00, 6.873419495581331e+04, 3.021282638297997e+02, 0.000000000000000e+00, 3.193477378000406e-02, 1.855969294325980e-05, 4.354170979477240e-03, 0.000000000000000e+00, -3.768692703451400e+00, 2.778630242272413e-01, 0.000000000000000e+00
109, 5.088369656700000e-02, 0.000000000000000e+00, 7.925251153035121e-01, 0.000000000000000e+00, 0.000000000000000e+00, 1.718370020172613e+05, 0.000000000000000e+00, 6.873480080690450e+04, 3.021300967270842e+02, 0.000000000000000e+00, 3.224985547555297e-02, 1.855977937277608e-05, 4.308199199447375e-03, 0.000000000000000e+00, -3.689516090819518e+00, 2.763913714453746e-01, 0.000000000000000e+00
110, 5.567632553290000e-02, 0.000000000000000e+00, 7.925279021392133e-01, 0.000000000000000e+00, 0.000000000000000e+00, 1.718386196492699e+05, 0.000000000000000e+00, 6.873544785970793e+04, 3.021318784901134e+02, 0.000000000000000e+00, 3.258636472242140e-02, 1.855986339083248e-05, 4.263665273154281e-03, 0.000000000000000e+00, -3.613617640532029e+00, 2.749583681985289e-01, 0.000000000000000e+00
111, 6.060962726810000e-02, 0.000000000000000e+00, 7.925313872903365e-01, 0.000000000000000e+00, 0.000000000000000e+00, 1.718403531754084e+05, 0.000000000000000e+00, 6.873614127016334e+04, 3.021335977922200e+02, 0.000000000000000e+00, 3.294698294227145e-02, 1.855994446334932e-05, 4.220441669522423e-03, 0.000000000000000e+00, -3.540707022617116e+00, 2.735605067610184e-01, 0.000000000000000e+00
112, 6.568669329250000e-02, 0.000000000000000e+00, 7.925356328351255e-01, 0.000000000000000e+00, 0.000000000000000e+00, 1.718422141835730e+05, 0.000000000000000e+00, 6.873688567342916e+04, 3.021352513378295e+02, 0.000000000000000e+00, 3.333412071684334e-02, 1.856002243495118e-05, 4.178418268162604e-03, 0.000000000000000e+00, -3.470533720504767e+00, 2.721947490951580e-01, 0.000000000000000e+00
113, 7.091061451489999e-02, 0.000000000000000e+00, 7.925406874216716e-01, 0.000000000000000e+00, 0.000000000000000e+00, 1.718442136782640e+05, 0.000000000000000e+00, 6.873768547130559e+04, 3.021368399254736e+02, 0.000000000000000e+00, 3.375006726652242e-02, 1.856009734331686e-05, 4.137498529122320e-03, 0.000000000000000e+00, -3.402878719956667e+00, 2.708584229494613e-01, 0.000000000000000e+00
114, 7.628447591810000e-02, 0.000000000000000e+00, 7.925465938540962e-01, 0.000000000000000e+00, 0.000000000000000e+00, 1.718463625500172e+05, 0.000000000000000e+00, 6.873854502000684e+04, 3.021383663811594e+02, 0.000000000000000e+00, 3.419708810403803e-02, 1.856016932172713e-05, 4.097596495606781e-03, 0.000000000000000e+00, -3.337548051458383e+00, 2.695491385517257e-01, 0.000000000000000e+00
115, 8.181135090520000e-02, 0.000000000000000e+00, 7.925533936784586e-01, 0.000000000000000e+00, 0.000000000000000e+00, 1.718486720191376e+05, 0.000000000000000e+00, 6.873946880765501e+04, 3.021398345902741e+02, 0.000000000000000e+00, 3.467751734274004e-02, 1.856023855341435e-05, 4.058634442347472e-03, 0.000000000000000e+00, -3.274367788216583e+00, 2.682647219808623e-01, 0.000000000000000e+00
116, 8.749429530330000e-02, 0.000000000000000e+00, 7.925611298508267e-01, 0.000000000000000e+00, 0.000000000000000e+00, 1.718511539175771e+05, 0.000000000000000e+00, 6.874046156703086e+04, 3.021412489760058e+02, 0.000000000000000e+00, 3.519381633428935e-02, 1.856030524696759e-05, 4.020541238068520e-03, 0.000000000000000e+00, -3.213180470130180e+00, 2.670031690313229e-01, 0.000000000000000e+00
117, 9.333634101990000e-02, 0.000000000000000e+00, 7.925698486204266e-01, 0.000000000000000e+00, 0.000000000000000e+00, 1.718538209120150e+05, 0.000000000000000e+00, 6.874152836480600e+04, 3.021426141735993e+02, 0.000000000000000e+00, 3.574862007514901e-02, 1.856036962097257e-05, 3.983251085779973e-03, 0.000000000000000e+00, -3.153842354323122e+00, 2.657626096152770e-01, 0.000000000000000e+00
118, 9.934048934850000e-02, 0.000000000000000e+00, 7.925796010419622e-01, 0.000000000000000e+00, 0.000000000000000e+00, 1.718566867088714e+05, 0.000000000000000e+00, 6.874267468354854e+04, 3.021439348142087e+02, 0.000000000000000e+00, 3.634477985481573e-02, 1.856043189381959e-05, 3.946702347247429e-03, 0.000000000000000e+00, -3.096220938153457e+00, 2.645412734749658e-01, 0.000000000000000e+00
119, 1.055097039230000e-01, 0.000000000000000e+00, 7.925904443386902e-01, 0.000000000000000e+00, 0.000000000000000e+00, 1.718597662904692e+05, 0.000000000000000e+00, 6.874390651618764e+04, 3.021452154204002e+02, 0.000000000000000e+00, 3.698541238349855e-02, 1.856049227877628e-05, 3.910836370144352e-03, 0.000000000000000e+00, -3.040192645553907e+00, 2.633374546429321e-01, 0.000000000000000e+00
120, 1.118469033200000e-01, 0.000000000000000e+00, 7.926024429938108e-01, 0.000000000000000e+00, 0.000000000000000e+00, 1.718630761333692e+05, 0.000000000000000e+00, 6.874523045334767e+04, 3.021464603738775e+02, 0.000000000000000e+00, 3.767394521152401e-02, 1.856055098246604e-05, 3.875596370683214e-03, 0.000000000000000e+00, -2.985640719766791e+00, 2.621494764858470e-01, 0.000000000000000e+00
121, 1.183549533140000e-01, 0.000000000000000e+00, 7.926156697774166e-01, 0.000000000000000e+00, 0.000000000000000e+00, 1.718666344419570e+05, 0.000000000000000e+00, 6.874665377678280e+04, 3.021476739345785e+02, 0.000000000000000e+00, 3.841416532133372e-02, 1.856060820576863e-05, 3.840926416135799e-03, 0.000000000000000e+00, -2.932453386090800e+00, 2.609756589538390e-01, 0.000000000000000e+00
122, 1.250366587810000e-01, 0.000000000000000e+00, 7.926302068970446e-01, 0.000000000000000e+00, 0.000000000000000e+00, 1.718704614228551e+05, 0.000000000000000e+00, 6.874818456914200e+04, 3.021488602844170e+02, 0.000000000000000e+00, 3.921027621240836e-02, 1.856066414588292e-05, 3.806770550730090e-03, 0.000000000000000e+00, -2.880522336444951e+00, 2.598142897394519e-01, 0.000000000000000e+00
123, 1.318947552730000e-01, 0.000000000000000e+00, 7.926461472987171e-01, 0.000000000000000e+00, 0.000000000000000e+00, 1.718745795886755e+05, 0.000000000000000e+00, 6.874983183547018e+04, 3.021500235652210e+02, 0.000000000000000e+00, 4.006696108967148e-02, 1.856071899811586e-05, 3.773072023871277e-03, 0.000000000000000e+00, -2.829741455292080e+00, 2.586635980512716e-01, 0.000000000000000e+00
124, 1.389319002520000e-01, 0.000000000000000e+00, 7.926635962853272e-01, 0.000000000000000e+00, 0.000000000000000e+00, 1.718790141354979e+05, 0.000000000000000e+00, 6.875160565419916e+04, 3.021511679252902e+02, 0.000000000000000e+00, 4.098946138857991e-02, 1.856077295807805e-05, 3.739772571749711e-03, 0.000000000000000e+00, -2.780005690730748e+00, 2.575217294737575e-01, 0.000000000000000e+00
125, 1.461506640110000e-01, 0.000000000000000e+00, 7.926826733424143e-01, 0.000000000000000e+00, 0.000000000000000e+00, 1.718837933609556e+05, 0.000000000000000e+00, 6.875351734438223e+04, 3.021522975582612e+02, 0.000000000000000e+00, 4.198366374786940e-02, 1.856082622351622e-05, 3.706811690576703e-03, 0.000000000000000e+00, -2.731209988689208e+00, 2.563867198612469e-01, 0.000000000000000e+00
126, 1.535535202850000e-01, 0.000000000000000e+00, 7.927035143167087e-01, 0.000000000000000e+00, 0.000000000000000e+00, 1.718889491606678e+05, 0.000000000000000e+00, 6.875557966426712e+04, 3.021534167451991e+02, 0.000000000000000e+00, 4.305620328033428e-02, 1.856087899629817e-05, 3.674125815411765e-03, 0.000000000000000e+00, -2.683248151761056e+00, 2.552564650748924e-01, 0.000000000000000e+00
127, 1.611428365740000e-01, 0.000000000000000e+00, 7.927262740307115e-01, 0.000000000000000e+00, 0.000000000000000e+00, 1.718945176184581e+05, 0.000000000000000e+00, 6.875780704738322e+04, 3.021545298953095e+02, 0.000000000000000e+00, 4.421458635342759e-02, 1.856093148433231e-05, 3.641647353503391e-03, 0.000000000000000e+00, -2.636011563931116e+00, 2.541286848949332e-01, 0.000000000000000e+00
128, 1.689208641960000e-01, 0.000000000000000e+00, 7.927511293973240e-01, 0.000000000000000e+00, 0.000000000000000e+00, 1.719005397016522e+05, 0.000000000000000e+00, 6.876021588066088e+04, 3.021556415807157e+02, 0.000000000000000e+00, 4.546733522926077e-02, 1.856098390320756e-05, 3.609303545186873e-03, 0.000000000000000e+00, -2.589387751355934e+00, 2.530008797261954e-01, 0.000000000000000e+00
129, 1.768897280900000e-01, 0.000000000000000e+00, 7.927782832315132e-01, 0.000000000000000e+00, 0.000000000000000e+00, 1.719070621264613e+05, 0.000000000000000e+00, 6.876282485058451e+04, 3.021567566044693e+02, 0.000000000000000e+00, 4.682416808657233e-02, 1.856103647940015e-05, 3.577015232760091e-03, 0.000000000000000e+00, -2.543258917972924e+00, 2.518702828330190e-01, 0.000000000000000e+00
130, 1.850514163950000e-01, 0.000000000000000e+00, 7.928079688049906e-01, 0.000000000000000e+00, 0.000000000000000e+00, 1.719141384327791e+05, 0.000000000000000e+00, 6.876565537311164e+04, 3.021578801533735e+02, 0.000000000000000e+00, 4.829622260639841e-02, 1.856108945747945e-05, 3.544695676390796e-03, 0.000000000000000e+00, -2.497500657794398e+00, 2.507338125438197e-01, 0.000000000000000e+00
131, 1.934077698430000e-01, 0.000000000000000e+00, 7.928404556842700e-01, 0.000000000000000e+00, 0.000000000000000e+00, 1.719218304560022e+05, 0.000000000000000e+00, 6.876873218240087e+04, 3.021590181593657e+02, 0.000000000000000e+00, 4.989636214863161e-02, 1.856114311714787e-05, 3.512249447550792e-03, 0.000000000000000e+00, -2.451980894872770e+00, 2.495880257135338e-01, 0.000000000000000e+00
132, 2.019604709780000e-01, 0.000000000000000e+00, 7.928760570659660e-01, 0.000000000000000e+00, 0.000000000000000e+00, 1.719302101997439e+05, 0.000000000000000e+00, 6.877208407989754e+04, 3.021601777946597e+02, 0.000000000000000e+00, 5.163956532496117e-02, 1.856119779658752e-05, 3.479570651281662e-03, 0.000000000000000e+00, -2.406558004938641e+00, 2.484290452284471e-01, 0.000000000000000e+00
133, 2.107110332540000e-01, 0.000000000000000e+00, 7.929151397405937e-01, 0.000000000000000e+00, 0.000000000000000e+00, 1.719393621459772e+05, 0.000000000000000e+00, 6.877574485839088e+04, 3.021613677336441e+02, 0.000000000000000e+00, 5.354340656824869e-02, 1.856125390480865e-05, 3.446538273879032e-03, 0.000000000000000e+00, -2.361075198760244e+00, 2.472523821919374e-01, 0.000000000000000e+00
134, 2.196607900520000e-01, 0.000000000000000e+00, 7.929581371888152e-01, 0.000000000000000e+00, 0.000000000000000e+00, 1.719493854935960e+05, 0.000000000000000e+00, 6.877975419743839e+04, 3.021625970950145e+02, 0.000000000000000e+00, 5.562852181104430e-02, 1.856131187176818e-05, 3.413005178896525e-03, 0.000000000000000e+00, -2.315346713680900e+00, 2.460525240318474e-01, 0.000000000000000e+00
135, 2.288108836370000e-01, 0.000000000000000e+00, 7.930055676433282e-01, 0.000000000000000e+00, 0.000000000000000e+00, 1.719603961191356e+05, 0.000000000000000e+00, 6.878415844765422e+04, 3.021638720036311e+02, 0.000000000000000e+00, 5.791901636620347e-02, 1.856137198625411e-05, 3.378779364567163e-03, 0.000000000000000e+00, -2.269134624782560e+00, 2.448222300060333e-01, 0.000000000000000e+00
136, 2.381622541270000e-01, 0.000000000000000e+00, 7.930580578703258e-01, 0.000000000000000e+00, 0.000000000000000e+00, 1.719725287766376e+05, 0.000000000000000e+00, 6.878901151065504e+04, 3.021651903943240e+02, 0.000000000000000e+00, 6.044292255556392e-02, 1.856143415087662e-05, 3.343605276710318e-03, 0.000000000000000e+00, -2.222127480285120e+00, 2.435518051202763e-01, 0.000000000000000e+00
137, 2.477156285050000e-01, 0.000000000000000e+00, 7.931163727507278e-01, 0.000000000000000e+00, 0.000000000000000e+00, 1.719859433317623e+05, 0.000000000000000e+00, 6.879437733270491e+04, 3.021665416961026e+02, 0.000000000000000e+00, 6.323349656632982e-02, 1.856149786718197e-05, 3.307169653754387e-03, 0.000000000000000e+00, -2.173953182737628e+00, 2.422292393245303e-01, 0.000000000000000e+00
138, 2.574715097330000e-01, 0.000000000000000e+00, 7.931814383613602e-01, 0.000000000000000e+00, 0.000000000000000e+00, 1.720008422188884e+05, 0.000000000000000e+00, 6.880033688755536e+04, 3.021679287096084e+02, 0.000000000000000e+00, 6.633284997887275e-02, 1.856156326721487e-05, 3.269178698044336e-03, 0.000000000000000e+00, -2.124284654582662e+00, 2.408429524587208e-01, 0.000000000000000e+00
139, 2.674301660230000e-01, 0.000000000000000e+00, 7.932543127109485e-01, 0.000000000000000e+00, 0.000000000000000e+00, 1.720175070106108e+05, 0.000000000000000e+00, 6.880700280424429e+04, 3.021694429861994e+02, 0.000000000000000e+00, 6.979955716691402e-02, 1.856163466775029e-05, 3.229611672836682e-03, 0.000000000000000e+00, -2.073165718784572e+00, 2.393911247441234e-01, 0.000000000000000e+00
140, 2.775916203240000e-01, 0.000000000000000e+00, 7.933360288158539e-01, 0.000000000000000e+00, 0.000000000000000e+00, 1.720363513165672e+05, 0.000000000000000e+00, 6.881454052662684e+04, 3.021714174642166e+02, 0.000000000000000e+00, 7.371965962010547e-02, 1.856172776724845e-05, 3.189429937592212e-03, 0.000000000000000e+00, -2.021890616941580e+00, 2.379083122074094e-01, 0.000000000000000e+00
141, 2.879556400780000e-01, 0.000000000000000e+00, 7.934274650987405e-01, 0.000000000000000e+00, 0.000000000000000e+00, 1.720579620633407e+05, 0.000000000000000e+00, 6.882318482533628e+04, 3.021745481736523e+02, 0.000000000000000e+00, 7.821525323011726e-02, 1.856187538412435e-05, 3.151913767397486e-03, 0.000000000000000e+00, -1.974598298649951e+00, 2.365167046768925e-01, 0.000000000000000e+00
142, 2.985217273200000e-01, 0.000000000000000e+00, 7.935308535037899e-01, 0.000000000000000e+00, 0.000000000000000e+00, 1.720830475613296e+05, 0.000000000000000e+00, 6.883321902453182e+04, 3.021792284678067e+02, 0.000000000000000e+00, 8.343368485785907e-02, 1.856209606447182e-05, 3.119357150819659e-03, 8.177387041335514e-09, -1.937534778511288e+00, 2.353045572579787e-01, 0.000000000000000e+00
143, 3.092891091790000e-01, 5.592563638550000e-08, 7.936536292452365e-01, 0.000000000000000e+00, 0.000000000000000e+00, 1.721116746360545e+05, 0.000000000000000e+00, 6.884466985442177e+04, 3.021827438825969e+02, 0.000000000000000e+00, 8.938885593799557e-02, 1.856226181854639e-05, 3.049637154718226e-03, 1.753049841729736e-07, -1.984655318936659e+00, 2.326759981461103e-01, 0.000000000000000e+00
144, 3.202567287590000e-01, 1.249412271020000e-06, 7.938119465547501e-01, 0.000000000000000e+00, 0.000000000000000e+00, 1.721459324967529e+05, 0.000000000000000e+00, 6.885837299870116e+04, 3.021826125432085e+02, 0.000000000000000e+00, 9.651537596352232e-02, 1.856225562582642e-05, 2.941029438731292e-03, 9.469403086488173e-07, -1.744557534070062e+00, 2.285180722667879e-01, 0.000000000000000e+00
145, 3.314232352200000e-01, 7.182578592970000e-06, 7.939940022572720e-01, 0.000000000000000e+00, 0.000000000000000e+00, 1.721858273687037e+05, 0.000000000000000e+00, 6.887433094748145e+04, 3.021833396352000e+02, 0.000000000000000e+00, 1.048145399532075e-01, 1.856228990857264e-05, 2.890133382727707e-03, 2.986127085624597e-06, -1.617339390279215e+00, 2.265574737318165e-01, 0.000000000000000e+00
146, 3.427869683640000e-01, 2.452797758990000e-05, 7.941896925787220e-01, 0.000000000000000e+00, 0.000000000000000e+00, 1.722307260727668e+05, 0.000000000000000e+00, 6.889229042910672e+04, 3.021876579896254e+02, 0.000000000000000e+00, 1.141546302887575e-01, 1.856249352028580e-05, 2.837580671356958e-03, 6.939429509864016e-06, -1.615574614460721e+00, 2.245129185438853e-01, 0.000000000000000e+00
147, 3.543459301380000e-01, 6.324104669760000e-05, 7.944041491985386e-01, 0.000000000000000e+00, 0.000000000000000e+00, 1.722801314202347e+05, 0.000000000000000e+00, 6.891205256809387e+04, 3.021927405043469e+02, 0.000000000000000e+00, 1.244322188748254e-01, 1.856273316056923e-05, 2.766930912264058e-03, 1.332388530456449e-05, -1.542601923582742e+00, 2.217266594633286e-01, 0.000000000000000e+00
148, 3.660977340210000e-01, 1.367786906810000e-04, 7.946342494328685e-01, 0.000000000000000e+00, 0.000000000000000e+00, 1.723326348631835e+05, 0.000000000000000e+00, 6.893305394527341e+04, 3.021973037669343e+02, 0.000000000000000e+00, 1.353542913555651e-01, 1.856294831646889e-05, 2.691168863487421e-03, 2.258121938837108e-05, -1.453506926540940e+00, 2.186985108933701e-01, 0.000000000000000e+00
149, 3.780395249320000e-01, 2.620506678260000e-04, 7.948713080974684e-01, 0.000000000000000e+00, 0.000000000000000e+00, 1.723864251849705e+05, 0.000000000000000e+00, 6.895457007398817e+04, 3.022014748230556e+02, 0.000000000000000e+00, 1.465440678792007e-01, 1.856314497861348e-05, 2.618143627693719e-03, 3.507747818426681e-05, -1.372506511856881e+00, 2.157412638438406e-01, 0.000000000000000e+00
150, 3.901678649200000e-01, 4.592665338120000e-04, 7.951052107240791e-01, 0.000000000000000e+00, 0.000000000000000e+00, 1.724393501808210e+05, 0.000000000000000e+00, 6.897574007232838e+04, 3.022053264364548e+02, 0.000000000000000e+00, 1.575538342536742e-01, 1.856332657809934e-05, 2.551858154438400e-03, 5.110968537556852e-05, -1.302197118632806e+00, 2.130253650652419e-01, 0.000000000000000e+00
151, 4.024785874110000e-01, 7.515264609860000e-04, 7.953249865910235e-01, 0.000000000000000e+00, 0.000000000000000e+00, 1.724890045766411e+05, 0.000000000000000e+00, 6.899560183065642e+04, 3.022088134543213e+02, 0.000000000000000e+00, 1.678832313307960e-01, 1.856349098631895e-05, 2.495846011439138e-03, 7.094821574548952e-05, -1.244656748000527e+00, 2.107108419817373e-01, 0.000000000000000e+00
152, 4.149666303750000e-01, 1.164209127890000e-03, 7.955189858696556e-01, 0.000000000000000e+00, 0.000000000000000e+00, 1.725327915157324e+05, 0.000000000000000e+00, 6.901311660629296e+04, 3.022118133456334e+02, 0.000000000000000e+00, 1.769920458314241e-01, 1.856363242643390e-05, 2.453376340851086e-03, 9.486927123648979e-05, -1.202158256930715e+00, 2.089529007015755e-01, 0.000000000000000e+00
153, 4.276258792140000e-01, 1.723943618190000e-03, 7.956755536465179e-01, 0.000000000000000e+00, 0.000000000000000e+00, 1.725680479532372e+05, 0.000000000000000e+00, 6.902721918129487e+04, 3.022140898161472e+02, 0.000000000000000e+00, 1.843262956293904e-01, 1.856373975794916e-05, 2.427534120612600e-03, 1.232187162254494e-04, -1.176198861931087e+00, 2.079015526963918e-01, 0.000000000000000e+00
154, 4.404490365420000e-01, 2.457665457740000e-03, 7.957824193978223e-01, 0.000000000000000e+00, 0.000000000000000e+00, 1.725921118504303e+05, 0.000000000000000e+00, 6.903684474017212e+04, 3.022156422762516e+02, 0.000000000000000e+00, 1.893322079001042e-01, 1.856381295344171e-05, 2.421278768055792e-03, 1.564743963440420e-04, -1.170039180019732e+00, 2.076989365557526e-01, 0.000000000000000e+00
155, 4.534275638480000e-01, 3.391369558990000e-03, 7.958275627150315e-01, 0.000000000000000e+00, 0.000000000000000e+00, 1.726021574504229e+05, 0.000000000000000e+00, 6.904086298016914e+04, 3.022160883411691e+02, 0.000000000000000e+00, 1.914219522115032e-01, 1.856383398450628e-05, 2.436855763319837e-03, 1.951379464894872e-04, -1.184602936526109e+00, 2.084485943748783e-01, 0.000000000000000e+00
156, 4.665518099600000e-01, 4.547917034850000e-03, 7.957991798266146e-01, 0.000000000000000e+00, 0.000000000000000e+00, 1.725956180776420e+05, 0.000000000000000e+00, 6.903824723105678e+04, 3.022154166875630e+02, 0.000000000000000e+00, 1.900615937382284e-01, 1.856380231738257e-05, 2.476542884645802e-03, 2.398582747142635e-04, -1.223257000540819e+00, 2.102418429884868e-01, 0.000000000000000e+00
157, 4.798111507840000e-01, 5.946674247020000e-03, 7.956855756922404e-01, 0.000000000000000e+00, 0.000000000000000e+00, 1.725698195888785e+05, 0.000000000000000e+00, 6.902792783555140e+04, 3.022133858650564e+02, 0.000000000000000e+00, 1.846948416103212e-01, 1.856370656795574e-05, 2.541804491104743e-03, 2.912511293792065e-04, -1.288110933460954e+00, 2.131176707734865e-01, 0.000000000000000e+00
158, 4.931944971600000e-01, 7.600753224200000e-03, 7.954749118247092e-01, 0.000000000000000e+00, 0.000000000000000e+00, 1.725221364144238e+05, 0.000000000000000e+00, 6.900885456576951e+04, 3.022098929609140e+02, 0.000000000000000e+00, 1.747755095007346e-01, 1.856354188342065e-05, 2.633938500134866e-03, 3.497957145195233e-04, -1.382874308178348e+00, 2.170879079601251e-01, 0.000000000000000e+00
159, 5.066907954300000e-01, 9.516379653770000e-03, 7.951570142312749e-01, 0.000000000000000e+00, 0.000000000000000e+00, 1.724502221231869e+05, 0.000000000000000e+00, 6.898008884927476e+04, 3.022046903049173e+02, 0.000000000000000e+00, 1.598154791260517e-01, 1.856329658525000e-05, 2.753694241428687e-03, 4.157590765366423e-04, -1.510604908618927e+00, 2.221222016434974e-01, 0.000000000000000e+00
160, 5.202897070140000e-01, 1.169165019380000e-02, 7.947207473824676e-01, 0.000000000000000e+00, 0.000000000000000e+00, 1.723517127528672e+05, 0.000000000000000e+00, 6.894068510114685e+04, 3.021978631757053e+02, 0.000000000000000e+00, 1.393229852583063e-01, 1.856297469224665e-05, 2.901778189385469e-03, 4.890325931020031e-04, -1.676986845413086e+00, 2.281701050929928e-01, 0.000000000000000e+00
161, 5.339823107740000e-01, 1.411578031340000e-02, 7.941577012302864e-01, 0.000000000000000e+00, 0.000000000000000e+00, 1.722245551012752e+05, 0.000000000000000e+00, 6.888982204051006e+04, 3.021890034041286e+02, 0.000000000000000e+00, 1.128709088007358e-01, 1.856255695669532e-05, 3.078869564584498e-03, 5.690386595089742e-04, -1.885274504647870e+00, 2.351652323725587e-01, 0.000000000000000e+00
162, 5.477616855170000e-01, 1.676903898650000e-02, 7.934564353135973e-01, 0.000000000000000e+00, 0.000000000000000e+00, 1.720668501735008e+05, 0.000000000000000e+00, 6.882674006940030e+04, 3.021791244116398e+02, 0.000000000000000e+00, 8.006420975434698e-02, 1.856209115814211e-05, 3.284325302354381e-03, 6.542677260369771e-04, -2.145461701607506e+00, 2.429780336847498e-01, 0.000000000000000e+00
163, 5.616235053610000e-01, 1.962215981680000e-02, 7.926138224204015e-01, 0.000000000000000e+00, 0.000000000000000e+00, 1.718771285954463e+05, 0.000000000000000e+00, 6.875085143817851e+04, 3.021668272938952e+02, 0.000000000000000e+00, 4.059722034775401e-02, 1.856151133361295e-05, 3.512648727769502e-03, 7.413795484092788e-04, -2.450961455175421e+00, 2.513054816786273e-01, 0.000000000000000e+00
164, 5.755661413680000e-01, 2.263744670960000e-02, 7.916253241325101e-01, 0.000000000000000e+00, 0.000000000000000e+00, 1.716544928374773e+05, 0.000000000000000e+00, 6.866179713499092e+04, 3.021522501287077e+02, 0.000000000000000e+00, -5.716768769321740e-03, 1.856082398707854e-05, 3.753014361598507e-03, 8.248759686128150e-04, -2.918359673691600e+00, 2.596851276076552e-01, 0.000000000000000e+00
165, 5.895906712840000e-01, 2.576907023530000e-02, 7.906130185393077e-01, 0.000000000000000e+00, 0.000000000000000e+00, 1.713996772130067e+05, 0.000000000000000e+00, 6.855987088520266e+04, 3.020900179660408e+02, 0.000000000000000e+00, -5.872500143713771e-02, 1.855788941696895e-05, 3.940733290420508e-03, 8.861218757298619e-04, -2.541148250698385e+00, 2.659477319633294e-01, 0.000000000000000e+00
166, 6.037005380280001e-01, 2.896380845590000e-02, 7.892649424499562e-01, 0.000000000000000e+00, 0.000000000000000e+00, 1.711193484798060e+05, 0.000000000000000e+00, 6.844773939192237e+04, 3.021110719914234e+02, 0.000000000000000e+00, -1.170406198135538e-01, 1.855888225675586e-05, 4.466603938728561e-03, 1.008649404510275e-03, -3.428022329321585e+00, 2.827276290704642e-01, 0.000000000000000e+00
167, 6.179008648700000e-01, 3.216208387470000e-02, 7.879187001705027e-01, 0.000000000000000e+00, 0.000000000000000e+00, 1.708163707251187e+05, 0.000000000000000e+00, 6.832654829004745e+04, 3.020914397245922e+02, 0.000000000000000e+00, -1.800678197625400e-01, 1.855795646356935e-05, 4.749016878255873e-03, 1.055754476154931e-03, -4.509803578240888e+00, 2.909981457624051e-01, 0.000000000000000e+00
168, 6.321975238360000e-01, 3.529897657490000e-02, 7.864442929624111e-01, 0.000000000000000e+00, 0.000000000000000e+00, 1.704851518920713e+05, 0.000000000000000e+00, 6.819406075682852e+04, 3.020709297310913e+02, 0.000000000000000e+00, -2.489698935761376e-01, 1.855698924833742e-05, 5.096777295609148e-03, 1.091174334508920e-03, -5.172641592010395e+00, 3.007502985851541e-01, 0.000000000000000e+00
169, 6.465959602510000e-01, 3.830544659000000e-02, 7.849006758001789e-01, 0.000000000000000e+00, 0.000000000000000e+00, 1.701383360095992e+05, 0.000000000000000e+00, 6.805533440383968e+04, 3.020492868040803e+02, 0.000000000000000e+00, -3.211165565963764e-01, 1.855596857122250e-05, 5.427217876106256e-03, 1.091176026875907e-03, -5.857220112288521e+00, 3.094694538846897e-01, 0.000000000000000e+00
170, 6.610998194140000e-01, 4.110996348870000e-02, 7.833373984831367e-01, 0.000000000000000e+00, 0.000000000000000e+00, 1.697872140952957e+05, 0.000000000000000e+00, 6.791488563811827e+04, 3.020274790284927e+02, 0.000000000000000e+00, -3.941589854773945e-01, 1.855494008379839e-05, 5.738370893559716e-03, 1.051572204386851e-03, -6.542269579085087e+00, 3.172142896736833e-01, 0.000000000000000e+00
171, 6.757095066360000e-01, 4.364058381230000e-02, 7.818146195397885e-01, 0.000000000000000e+00, 0.000000000000000e+00, 1.694454667617809e+05, 0.000000000000000e+00, 6.777818670471235e+04, 3.020066485385252e+02, 0.000000000000000e+00, -4.652512593761824e-01, 1.855395765281326e-05, 6.012462919949320e-03, 9.673761563363731e-04, -7.177102965652434e+00, 3.236324837412883e-01, 0.000000000000000e+00
172, 6.904208481750000e-01, 4.582757497010000e-02, 7.804048473260179e-01, 0.000000000000000e+00, 0.000000000000000e+00, 1.691293398281670e+05, 0.000000000000000e+00, 6.765173593126677e+04, 3.019877539533953e+02, 0.000000000000000e+00, -5.310138282311477e-01, 1.855306649656725e-05, 6.227913464265436e-03, 8.367758255092887e-04, -7.696688218658768e+00, 3.283235932673730e-01, 0.000000000000000e+00
173, 7.052241248120000e-01, 4.760613650190000e-02, 7.791889339142460e-01, 0.000000000000000e+00, 0.000000000000000e+00, 1.688571430968807e+05, 0.000000000000000e+00, 6.754285723875227e+04, 3.019722241446617e+02, 0.000000000000000e+00, -5.876377801313265e-01, 1.855233401841971e-05, 6.362795576838587e-03, 6.630245439407396e-04, -8.030151124142762e+00, 3.309081524811500e-01, 0.000000000000000e+00
174, 7.201035153880000e-01, 4.892060800160000e-02, 7.782482836162584e-01, 0.000000000000000e+00, 0.000000000000000e+00, 1.686470306554816e+05, 0.000000000000000e+00, 6.745881226219263e+04, 3.019610063765537e+02, 0.000000000000000e+00, -6.313465958808473e-01, 1.855180491032824e-05, 6.397348566653002e-03, 4.552243843827515e-04, -8.115140230905414e+00, 3.310503647684230e-01, 0.000000000000000e+00
175, 7.350374914980000e-01, 4.972760469370000e-02, 7.776524542397105e-01, 0.000000000000000e+00, 0.000000000000000e+00, 1.685148020807813e+05, 0.000000000000000e+00, 6.740592083231249e+04, 3.019554303350189e+02, 0.000000000000000e+00, -6.588535553446188e-01, 1.855154190179812e-05, 6.319644821101840e-03, 2.281664262924551e-04, -7.917139212533396e+00, 3.285507904031670e-01, 0.000000000000000e+00
176, 7.500000000000000e-01, 5.000000000000000e-02, 7.774476518419807e-01, 0.000000000000000e+00, 0.000000000000000e+00, 1.684706613001330e+05, 0.000000000000000e+00, 6.738826452005318e+04, 3.019558591414046e+02, 0.000000000000000e+00, -6.680359780300531e-01, 1.855156212765283e-05, 6.127235108812253e-03, 0.000000000000000e+00, -7.441201550631385e+00, 3.233444742881348e-01, 0.000000000000000e+00
177, 7.649625085020000e-01, 4.972760469370000e-02, 7.776512900989587e-01, 0.000000000000000e+00, 0.000000000000000e+00, 1.685186628501126e+05, 0.000000000000000e+00, 6.740746514004501e+04, 3.019628003409227e+02, 0.000000000000000e+00, -6.580504155865479e-01, 1.855188952682923e-05, 5.833740253057076e-03, -2.106231763237610e-04, -6.744549167843100e+00, 3.156612429131071e-01, 0.000000000000000e+00
178, 7.798964846120000e-01, 4.892060800160000e-02, 7.782453076767967e-01, 0.000000000000000e+00, 0.000000000000000e+00, 1.686546198139226e+05, 0.000000000000000e+00, 6.746184792556900e+04, 3.019757494206091e+02, 0.000000000000000e+00, -6.297678548706538e-01, 1.855250029301254e-05, 5.448523038095880e-03, -3.877075822851548e-04, -5.883021047719568e+00, 3.055036128405922e-01, 0.000000000000000e+00
179, 7.947758751880000e-01, 4.760613650190000e-02, 7.791785029078618e-01, 0.000000000000000e+00, 0.000000000000000e+00, 1.688670080404187e+05, 0.000000000000000e+00, 6.754680321616746e+04, 3.019939087090711e+02, 0.000000000000000e+00, -5.855856170294669e-01, 1.855335678636945e-05, 4.994012479898294e-03, -5.203927749890252e-04, -4.942425979532190e+00, 2.931442937896251e-01, 0.000000000000000e+00
180, 8.095791518250000e-01, 4.582757497010000e-02, 7.803820125775111e-01, 0.000000000000000e+00, 0.000000000000000e+00, 1.691401806422942e+05, 0.000000000000000e+00, 6.765607225691766e+04, 3.020159477224322e+02, 0.000000000000000e+00, -5.287586588365780e-01, 1.855439623546172e-05, 4.497589733807703e-03, -6.042913704410204e-04, -4.009367273167874e+00, 2.789865371321187e-01, 0.000000000000000e+00
181, 8.242904933640000e-01, 4.364058381230000e-02, 7.817726455126297e-01, 0.000000000000000e+00, 0.000000000000000e+00, 1.694555252101723e+05, 0.000000000000000e+00, 6.778221008406888e+04, 3.020407919002045e+02, 0.000000000000000e+00, -4.631588422659212e-01, 1.855556794311302e-05, 3.987707029460607e-03, -6.416027425226357e-04, -3.152487687741727e+00, 2.635349221506621e-01, 0.000000000000000e+00
182, 8.389001805860000e-01, 4.110996348870000e-02, 7.832690787557833e-01, 0.000000000000000e+00, 0.000000000000000e+00, 1.697944276712422e+05, 0.000000000000000e+00, 6.791777106849688e+04, 3.020666560736200e+02, 0.000000000000000e+00, -3.926583753286478e-01, 1.855678770613317e-05, 3.488494521746723e-03, -6.392761887074561e-04, -2.413461132418139e+00, 2.472949657714424e-01, 0.000000000000000e+00
183, 8.534040397490000e-01, 3.830544659000000e-02, 7.847964767392978e-01, 0.000000000000000e+00, 0.000000000000000e+00, 1.701396075818353e+05, 0.000000000000000e+00, 6.805584303273410e+04, 3.020916482583494e+02, 0.000000000000000e+00, -3.208520367221193e-01, 1.855796629749021e-05, 3.019869494367133e-03, -6.071636097483195e-04, -1.811978705120057e+00, 2.308063032550366e-01, 0.000000000000000e+00
184, 8.678024761640000e-01, 3.529897657490000e-02, 7.862940860888414e-01, 0.000000000000000e+00, 0.000000000000000e+00, 1.704781555153942e+05, 0.000000000000000e+00, 6.819126220615768e+04, 3.021162360015373e+02, 0.000000000000000e+00, -2.504253206658275e-01, 1.855912576962847e-05, 2.606443673643329e-03, -5.580162279158071e-04, -1.373503911475199e+00, 2.150259790582055e-01, 0.000000000000000e+00
185, 8.820991351300000e-01, 3.216208387470000e-02, 7.876961681477744e-01, 0.000000000000000e+00, 0.000000000000000e+00, 1.708018288753429e+05, 0.000000000000000e+00, 6.832073155013715e+04, 3.021510588132755e+02, 0.000000000000000e+00, -1.830929001826842e-01, 1.856076781312811e-05, 2.264122075559374e-03, -5.033372331813832e-04, -1.042591859539388e+00, 2.008681874610196e-01, 0.000000000000000e+00
186, 8.962994619719999e-01, 2.896380845590000e-02, 7.889712645687141e-01, 0.000000000000000e+00, 0.000000000000000e+00, 1.710987045512128e+05, 0.000000000000000e+00, 6.843948182048509e+04, 3.021870660480917e+02, 0.000000000000000e+00, -1.213350902657460e-01, 1.856246561014794e-05, 2.013346049496767e-03, -4.546542119595439e-04, -1.506263268959423e-01, 1.897466352648157e-01, 0.000000000000000e+00
187, 9.104093287160000e-01, 2.576907023530000e-02, 7.902201711933048e-01, 0.000000000000000e+00, 0.000000000000000e+00, 1.713616723870315e+05, 0.000000000000000e+00, 6.854466895481257e+04, 3.021731815802942e+02, 0.000000000000000e+00, -6.663098703742998e-02, 1.856181094762551e-05, 1.626832246583850e-03, -3.658130443247732e-04, -2.701906494144299e-01, 1.707966971811117e-01, 0.000000000000000e+00
188, 9.244338586320000e-01, 2.263744670960000e-02, 7.912056073179613e-01, 0.000000000000000e+00, 0.000000000000000e+00, 1.715861421099837e+05, 0.000000000000000e+00, 6.863445684399348e+04, 3.021921579471093e+02, 0.000000000000000e+00, -1.993548582610289e-02, 1.856270569312798e-05, 1.473924720439261e-03, -3.239542842881275e-04, -4.323232618694646e-01, 1.626804736549518e-01, 0.000000000000000e+00
189, 9.383764946390000e-01, 1.962215981680000e-02, 7.920773404808608e-01, 0.000000000000000e+00, 0.000000000000000e+00, 1.717823793013214e+05, 0.000000000000000e+00, 6.871295172052855e+04, 3.022048020727923e+02, 0.000000000000000e+00, 2.088691946445081e-02, 1.856330185497530e-05, 1.317410162551808e-03, -2.780525543761530e-04, -3.381491635325334e-01, 1.538353654755157e-01, 0.000000000000000e+00
190, 9.522383144830000e-01, 1.676903898650000e-02, 7.928186181150706e-01, 0.000000000000000e+00, 0.000000000000000e+00, 1.719487537819442e+05, 0.000000000000000e+00, 6.877950151277767e+04, 3.022146609444972e+02, 0.000000000000000e+00, 5.549710946814988e-02, 1.856376668556802e-05, 1.209458240126214e-03, -2.409351753119001e-04, -2.848441358743945e-01, 1.473755861659399e-01, 0.000000000000000e+00
191, 9.660176892260000e-01, 1.411578031340000e-02, 7.934391923709112e-01, 0.000000000000000e+00, 0.000000000000000e+00, 1.720880172278551e+05, 0.000000000000000e+00, 6.883520689114204e+04, 3.022228651519684e+02, 0.000000000000000e+00, 8.446750387902198e-02, 1.856415349565625e-05, 1.141486001272440e-03, -2.109701792774671e-04, -2.547325614560034e-01, 1.431129260730270e-01, 0.000000000000000e+00
192, 9.797102929860000e-01, 1.169165019380000e-02, 7.939481744170122e-01, 0.000000000000000e+00, 0.000000000000000e+00, 1.722021141186225e+05, 0.000000000000000e+00, 6.888084564744898e+04, 3.022293667281886e+02, 0.000000000000000e+00, 1.082026046799827e-01, 1.856446002683999e-05, 1.108037333585735e-03, -1.867359719221049e-04, -2.407675992300149e-01, 1.409152143885348e-01, 0.000000000000000e+00
193, 9.933092045700000e-01, 9.516379653770000e-03, 7.943554502887500e-01, 0.000000000000000e+00, 0.000000000000000e+00, 1.722932621691496e+05, 0.000000000000000e+00, 6.891730486765984e+04, 3.022343005574658e+02, 0.000000000000000e+00, 1.271637538622526e-01, 1.856469264098182e-05, 1.104003424642538e-03, -1.666849708355911e-04, -2.396371872040909e-01, 1.405619114496182e-01, 0.000000000000000e+00
194, 1.006805502840000e+00, 7.600753224200000e-03, 7.946695473848803e-01, 0.000000000000000e+00, 0.000000000000000e+00, 1.723634029509823e+05, 0.000000000000000e+00, 6.894536118039289e+04, 3.022378322383515e+02, 0.000000000000000e+00, 1.417548484649112e-01, 1.856485914721064e-05, 1.125088265908481e-03, -1.494154300839859e-04, -2.495649279508198e-01, 1.417997096162709e-01, 0.000000000000000e+00
195, 1.020188849220000e+00, 5.946674247020000e-03, 7.948982506950946e-01, 0.000000000000000e+00, 0.000000000000000e+00, 1.724142521451057e+05, 0.000000000000000e+00, 6.896570085804228e+04, 3.022400121966069e+02, 0.000000000000000e+00, 1.523327944549484e-01, 1.856496192403758e-05, 1.167404158164982e-03, -1.337662989806729e-04, -2.691410263656331e-01, 1.443492951833607e-01, 0.000000000000000e+00
196, 1.033448190040000e+00, 4.547917034850000e-03, 7.950485335494926e-01, 0.000000000000000e+00, 0.000000000000000e+00, 1.724474504763812e+05, 0.000000000000000e+00, 6.897898019055248e+04, 3.022410669885371e+02, 0.000000000000000e+00, 1.592389049891439e-01, 1.856501165337731e-05, 1.227490826531834e-03, -1.188850125599883e-04, -2.982322177952270e-01, 1.479354106434115e-01, 0.000000000000000e+00
197, 1.046572436150000e+00, 3.391369558990000e-03, 7.951274187588108e-01, 0.000000000000000e+00, 0.000000000000000e+00, 1.724645190971243e+05, 0.000000000000000e+00, 6.898580763884968e+04, 3.022409938707689e+02, 0.000000000000000e+00, 1.627896190458029e-01, 1.856500820616147e-05, 1.301869349798325e-03, -1.042507789429807e-04, -3.358943308986241e-01, 1.522822087254407e-01, 0.000000000000000e+00
198, 1.059550963460000e+00, 2.457665457740000e-03, 7.951422444644624e-01, 0.000000000000000e+00, 0.000000000000000e+00, 1.724671626244108e+05, 0.000000000000000e+00, 6.898686504976432e+04, 3.022399911296208e+02, 0.000000000000000e+00, 1.633395410129622e-01, 1.856496093081021e-05, 1.387492692413368e-03, -8.966628885983107e-05, -3.820363947688518e-01, 1.571540637297708e-01, 0.000000000000000e+00
199, 1.072374120790000e+00, 1.723943618190000e-03, 7.951007732954779e-01, 0.000000000000000e+00, 0.000000000000000e+00, 1.724571368333175e+05, 0.000000000000000e+00, 6.898285473332698e+04, 3.022381848693082e+02, 0.000000000000000e+00, 1.612539174643292e-01, 1.856487577245755e-05, 1.481174734784873e-03, -7.518265047422646e-05, -4.359474993488620e-01, 1.623284768441011e-01, 0.000000000000000e+00
200, 1.085033369630000e+00, 1.164209127890000e-03, 7.950113831578822e-01, 0.000000000000000e+00, 0.000000000000000e+00, 1.724362986274429e+05, 0.000000000000000e+00, 6.897451945097712e+04, 3.022356442583625e+02, 0.000000000000000e+00, 1.569190323187357e-01, 1.856475599182558e-05, 1.580004968002267e-03, -6.109699412455020e-05, -4.964755462005361e-01, 1.676218611282793e-01, 0.000000000000000e+00
201, 1.097521412590000e+00, 7.515264609860000e-04, 7.948832761942386e-01, 0.000000000000000e+00, 0.000000000000000e+00, 1.724067644612887e+05, 0.000000000000000e+00, 6.896270578451548e+04, 3.022325799174709e+02, 0.000000000000000e+00, 1.507751627879735e-01, 1.856461151856442e-05, 1.681033011354657e-03, -4.778591797829954e-05, -5.626462499580408e-01, 1.728698529091504e-01, 0.000000000000000e+00
202, 1.109832135080000e+00, 4.592665338110000e-04, 7.947258144451813e-01, 0.000000000000000e+00, 0.000000000000000e+00, 1.723706162015027e+05, 0.000000000000000e+00, 6.894824648060108e+04, 3.022290811009850e+02, 0.000000000000000e+00, 1.432553909166338e-01, 1.856444656038160e-05, 1.781424665934195e-03, -3.567912034377329e-05, -6.327582155397609e-01, 1.779331809174973e-01, 0.000000000000000e+00
203, 1.121960475070000e+00, 2.620506678260000e-04, 7.945487102990743e-01, 0.000000000000000e+00, 0.000000000000000e+00, 1.723299914500371e+05, 0.000000000000000e+00, 6.893199658001481e+04, 3.022252016669576e+02, 0.000000000000000e+00, 1.348043931324939e-01, 1.856426365619093e-05, 1.878337534392634e-03, -2.516567203780386e-05, -7.055339840501347e-01, 1.826875641261566e-01, 0.000000000000000e+00
204, 1.133902265980000e+00, 1.367786906810000e-04, 7.943619290468755e-01, 0.000000000000000e+00, 0.000000000000000e+00, 1.722869594442300e+05, 0.000000000000000e+00, 6.891478377769198e+04, 3.022207794995232e+02, 0.000000000000000e+00, 1.258526242575565e-01, 1.856405516227964e-05, 1.968839003794267e-03, -1.652025114282629e-05, -7.801529158809439e-01, 1.870165882454735e-01, 0.000000000000000e+00
205, 1.145654069860000e+00, 6.324104669760000e-05, 7.941755115351707e-01, 0.000000000000000e+00, 0.000000000000000e+00, 1.722434182042712e+05, 0.000000000000000e+00, 6.889736728170847e+04, 3.022153233403844e+02, 0.000000000000000e+00, 1.167949215237709e-01, 1.856379791624714e-05, 2.049640689010161e-03, -9.869844357661770e-06, -8.535851888522196e-01, 1.907964135067821e-01, 0.000000000000000e+00
206, 1.157213031640000e+00, 2.452797758980000e-05, 7.939982256940816e-01, 0.000000000000000e+00, 0.000000000000000e+00, 1.722010547238144e+05, 0.000000000000000e+00, 6.888042188952572e+04, 3.022084558805940e+02, 0.000000000000000e+00, 1.079822231920192e-01, 1.856347412723946e-05, 2.114781089886800e-03, -5.171791043306983e-06, -8.938883521584344e-01, 1.937869988230836e-01, 0.000000000000000e+00
207, 1.168576764780000e+00, 7.182578592960000e-06, 7.938313388097163e-01, 0.000000000000000e+00, 0.000000000000000e+00, 1.721613050716512e+05, 0.000000000000000e+00, 6.886452202866047e+04, 3.022022147679022e+02, 0.000000000000000e+00, 9.971326866968758e-02, 1.856317986631564e-05, 2.158820253349980e-03, -2.230523916803473e-06, -8.456905075127686e-01, 1.957773201368969e-01, 0.000000000000000e+00
208, 1.179743271240000e+00, 1.249412271020000e-06, 7.936685863753981e-01, 0.000000000000000e+00, 0.000000000000000e+00, 1.721250936977222e+05, 0.000000000000000e+00, 6.885003747908887e+04, 3.022006089710512e+02, 0.000000000000000e+00, 9.218036742614232e-02, 1.856310415445457e-05, 2.201451982477196e-03, -7.088142649646886e-07, -8.818780050740970e-01, 1.976816706393726e-01, 0.000000000000000e+00
209, 1.190710890820000e+00, 5.592563638540000e-08, 7.935189472413914e-01, 0.000000000000000e+00, 0.000000000000000e+00, 1.720935697284198e+05, 0.000000000000000e+00, 6.883742789136792e+04, 3.022022397688244e+02, 0.000000000000000e+00, 8.562256743696986e-02, 1.856318104508483e-05, 2.286659769354570e-03, -1.314460817205883e-07, -1.115175120589175e+00, 2.014512270202358e-01, 0.000000000000000e+00
210, 1.201478272680000e+00, 1.124135904810000e-65, 7.933945712652003e-01, 0.000000000000000e+00, 0.000000000000000e+00, 1.720665460384966e+05, 0.000000000000000e+00, 6.882661841539864e+04, 3.022021523333639e+02, 0.000000000000000e+00, 8.000094181661332e-02, 1.856317692258761e-05, 2.339797388563884e-03, -6.133773056550491e-09, -1.092378272190417e+00, 2.037625322528749e-01, 0.000000000000000e+00
211, 1.212044359920000e+00, 1.120534983230000e-65, 7.932883860892184e-01, 0.000000000000000e+00, 0.000000000000000e+00, 1.720423011742674e+05, 0.000000000000000e+00, 6.881692046970695e+04, 3.022000162433520e+02, 0.000000000000000e+00, 7.495738372737909e-02, 1.856307620783305e-05, 2.361656181326228e-03, 0.000000000000000e+00, -1.108509604903231e+00, 2.046995226123504e-01, 0.000000000000000e+00
212, 1.222408379680000e+00, 1.117002926240000e-65, 7.931955952306540e-01, 0.000000000000000e+00, 0.000000000000000e+00, 1.720208456938786e+05, 0.000000000000000e+00, 6.880833827755140e+04, 3.021976767602714e+02, 0.000000000000000e+00, 7.049408953646942e-02, 1.856296590287682e-05, 2.384712696362967e-03, 0.000000000000000e+00, -1.130266227827557e+00, 2.056855131904361e-01, 0.000000000000000e+00
213, 1.232569833980000e+00, 1.113539903540000e-65, 7.931123779105904e-01, 0.000000000000000e+00, 0.000000000000000e+00, 1.720017036290378e+05, 0.000000000000000e+00, 6.880068145161512e+04, 3.021957534959074e+02, 0.000000000000000e+00, 6.651204554318391e-02, 1.856287522202384e-05, 2.407926345531244e-03, 0.000000000000000e+00, -1.152381491827724e+00, 2.066743637354460e-01, 0.000000000000000e+00
214, 1.242528490270000e+00, 1.110145994380000e-65, 7.930372196124201e-01, 0.000000000000000e+00, 0.000000000000000e+00, 1.719845117989162e+05, 0.000000000000000e+00, 6.879380471956644e+04, 3.021941856261956e+02, 0.000000000000000e+00, 6.293570075282874e-02, 1.856280129762423e-05, 2.429190289679610e-03, 0.000000000000000e+00, -1.172828058788038e+00, 2.075758994444485e-01, 0.000000000000000e+00
215, 1.252284371490000e+00, 1.106821190950000e-65, 7.929691507261379e-01, 0.000000000000000e+00, 0.000000000000000e+00, 1.719689854540707e+05, 0.000000000000000e+00, 6.878759418162826e+04, 3.021928424325836e+02, 0.000000000000000e+00, 5.970581992523634e-02, 1.856273796645976e-05, 2.448120339863759e-03, 0.000000000000000e+00, -1.191182144638181e+00, 2.083748899342560e-01, 0.000000000000000e+00
216, 1.261837745870000e+00, 1.103565401830000e-65, 7.929073009228083e-01, 0.000000000000000e+00, 0.000000000000000e+00, 1.719548952320443e+05, 0.000000000000000e+00, 6.878195809281770e+04, 3.021916526284385e+02, 0.000000000000000e+00, 5.677468974408044e-02, 1.856268186744666e-05, 2.464964679945954e-03, 0.000000000000000e+00, -1.207633905646248e+00, 2.090830019305984e-01, 0.000000000000000e+00
217, 1.271189116360000e+00, 1.100378455620000e-65, 7.928508898469225e-01, 0.000000000000000e+00, 0.000000000000000e+00, 1.719420525615666e+05, 0.000000000000000e+00, 6.877682102462661e+04, 3.021905822890615e+02, 0.000000000000000e+00, 5.410308251366104e-02, 1.856263140107999e-05, 2.480031744696410e-03, 0.000000000000000e+00, -1.222445466779650e+00, 2.097141464584577e-01, 0.000000000000000e+00
218, 1.280339209950000e+00, 1.097260104550000e-65, 7.927992471000150e-01, 0.000000000000000e+00, 0.000000000000000e+00, 1.719303006919262e+05, 0.000000000000000e+00, 6.877212027677047e+04, 3.021896114868322e+02, 0.000000000000000e+00, 5.165839003661229e-02, 1.856258562780188e-05, 2.493570181035786e-03, 0.000000000000000e+00, -1.235831395170792e+00, 2.102794493461402e-01, 0.000000000000000e+00
219, 1.289288966750000e+00, 1.094210028250000e-65, 7.927518044636783e-01, 0.000000000000000e+00, 0.000000000000000e+00, 1.719195080877588e+05, 0.000000000000000e+00, 6.876780323510349e+04, 3.021887256535140e+02, 0.000000000000000e+00, 4.941324955910987e-02, 1.856254386074124e-05, 2.505778555490146e-03, 0.000000000000000e+00, -1.247964820511733e+00, 2.107877455918440e-01, 0.000000000000000e+00
220, 1.298039529020000e+00, 1.091227837420000e-65, 7.927080787684634e-01, 0.000000000000000e+00, 0.000000000000000e+00, 1.719095634026994e+05, 0.000000000000000e+00, 6.876382536107974e+04, 3.021879132792109e+02, 0.000000000000000e+00, 4.734449816079615e-02, 1.856250555722230e-05, 2.516822789178022e-03, 0.000000000000000e+00, -1.258992386429399e+00, 2.112463686948559e-01, 0.000000000000000e+00
221, 1.306592230160000e+00, 1.088313077650000e-65, 7.926676562334171e-01, 0.000000000000000e+00, 0.000000000000000e+00, 1.719003716137290e+05, 0.000000000000000e+00, 6.876014864549157e+04, 3.021871650895279e+02, 0.000000000000000e+00, 4.543236859892301e-02, 1.856247027996934e-05, 2.526844686083479e-03, 0.000000000000000e+00, -1.269041210869837e+00, 2.116615437287684e-01, 0.000000000000000e+00
222, 1.314948583600000e+00, 1.085465233160000e-65, 7.926301801574054e-01, 0.000000000000000e+00, 0.000000000000000e+00, 1.718918510346845e+05, 0.000000000000000e+00, 6.875674041387378e+04, 3.021864734896876e+02, 0.000000000000000e+00, 4.365986804134120e-02, 1.856243767089785e-05, 2.535966186609223e-03, 0.000000000000000e+00, -1.278222000645160e+00, 2.120385913418842e-01, 0.000000000000000e+00
223, 1.323110271910000e+00, 1.082683730520000e-65, 7.925953412672564e-01, 0.000000000000000e+00, 0.000000000000000e+00, 1.718839309821353e+05, 0.000000000000000e+00, 6.875357239285410e+04, 3.021858321421067e+02, 0.000000000000000e+00, 4.201229250847756e-02, 1.856240743119796e-05, 2.544292449569968e-03, 0.000000000000000e+00, -1.286631330563428e+00, 2.123820742971276e-01, 0.000000000000000e+00
224, 1.331079135800000e+00, 1.079967942430000e-65, 7.925628699796955e-01, 0.000000000000000e+00, 0.000000000000000e+00, 1.718765499268293e+05, 0.000000000000000e+00, 6.875061997073170e+04, 3.021852356676341e+02, 0.000000000000000e+00, 4.047684232638205e-02, 1.856237930724834e-05, 2.551914515341082e-03, 0.000000000000000e+00, -1.294353663254864e+00, 2.126959234145008e-01, 0.000000000000000e+00
225, 1.338857163430000e+00, 1.077317191330000e-65, 7.925325301078189e-01, 0.000000000000000e+00, 0.000000000000000e+00, 1.718696540112938e+05, 0.000000000000000e+00, 6.874786160451750e+04, 3.021846794395317e+02, 0.000000000000000e+00, 3.904231374940566e-02, 1.856235308090269e-05, 2.558911573710814e-03, 0.000000000000000e+00, -1.301463154487172e+00, 2.129835418507526e-01, 0.000000000000000e+00
226, 1.346446479720000e+00, 1.074730753030000e-65, 7.925041137036506e-01, 0.000000000000000e+00, 0.000000000000000e+00, 1.718631958479665e+05, 0.000000000000000e+00, 6.874527833918660e+04, 3.021841594373365e+02, 0.000000000000000e+00, 3.769884894041143e-02, 1.856232856259969e-05, 2.565352857551072e-03, 0.000000000000000e+00, -1.308025198346201e+00, 2.132478925892416e-01, 0.000000000000000e+00
227, 1.353849335990000e+00, 1.072207860280000e-65, 7.924774368062527e-01, 0.000000000000000e+00, 0.000000000000000e+00, 1.718571335353222e+05, 0.000000000000000e+00, 6.874285341412885e+04, 3.021836721386040e+02, 0.000000000000000e+00, 3.643773129966824e-02, 1.856230558625883e-05, 2.571299195692509e-03, 0.000000000000000e+00, -1.314097703586103e+00, 2.134915684981968e-01, 0.000000000000000e+00
228, 1.361068099750000e+00, 1.069747706250000e-65, 7.924523359140173e-01, 0.000000000000000e+00, 0.000000000000000e+00, 1.718514298452554e+05, 0.000000000000000e+00, 6.874057193810216e+04, 3.021832144355448e+02, 0.000000000000000e+00, 3.525121641954496e-02, 1.856228400534998e-05, 2.576804301567089e-03, 0.000000000000000e+00, -1.319732187232562e+00, 2.137168508353177e-01, 0.000000000000000e+00
229, 1.368105244730000e+00, 1.067349447880000e-65, 7.924286650378117e-01, 0.000000000000000e+00, 0.000000000000000e+00, 1.718460515463347e+05, 0.000000000000000e+00, 6.873842061853387e+04, 3.021827835690074e+02, 0.000000000000000e+00, 3.413239130377946e-02, 1.856226368978086e-05, 2.581915843125392e-03, 0.000000000000000e+00, -1.324974681951264e+00, 2.139257571585764e-01, 0.000000000000000e+00
230, 1.374963341220000e+00, 1.065012209220000e-65, 7.924062932208895e-01, 0.000000000000000e+00, 0.000000000000000e+00, 1.718409688354793e+05, 0.000000000000000e+00, 6.873638753419170e+04, 3.021823770750706e+02, 0.000000000000000e+00, 3.307505614167096e-02, 1.856224452337890e-05, 2.586676340642931e-03, 0.000000000000000e+00, -1.329866514081486e+00, 2.141200813416671e-01, 0.000000000000000e+00
231, 1.381645046690000e+00, 1.062735084600000e-65, 7.923851024361199e-01, 0.000000000000000e+00, 0.000000000000000e+00, 1.718361548566276e+05, 0.000000000000000e+00, 6.873446194265102e+04, 3.021819927406762e+02, 0.000000000000000e+00, 3.207362417862176e-02, 1.856222640179939e-05, 2.591123925374259e-03, 0.000000000000000e+00, -1.334444972094769e+00, 2.143014271816076e-01, 0.000000000000000e+00
232, 1.388153096680000e+00, 1.060517141760000e-65, 7.923649857879657e-01, 0.000000000000000e+00, 0.000000000000000e+00, 1.718315852891293e+05, 0.000000000000000e+00, 6.873263411565170e+04, 3.021816285656224e+02, 0.000000000000000e+00, 3.112303609108207e-02, 1.856220923073359e-05, 2.595292985463935e-03, 0.000000000000000e+00, -1.338743876711132e+00, 2.144712368840138e-01, 0.000000000000000e+00
233, 1.394490296080000e+00, 1.058357424780000e-65, 7.923458459594965e-01, 0.000000000000000e+00, 0.000000000000000e+00, 1.718272379922467e+05, 0.000000000000000e+00, 6.873089519689865e+04, 3.021812827297558e+02, 0.000000000000000e+00, 3.021868603362798e-02, 1.856219292436180e-05, 2.599214722429917e-03, 0.000000000000000e+00, -1.342794089123459e+00, 2.146308152577520e-01, 0.000000000000000e+00
234, 1.400659510650000e+00, 1.056254957010000e-65, 7.923275938543388e-01, 0.000000000000000e+00, 0.000000000000000e+00, 1.718230926947354e+05, 0.000000000000000e+00, 6.872923707789413e+04, 3.021809535650753e+02, 0.000000000000000e+00, 2.935635706375616e-02, 1.856217740403813e-05, 2.602917655354667e-03, 0.000000000000000e+00, -1.346623962474495e+00, 2.147813518657119e-01, 0.000000000000000e+00
235, 1.406663658980000e+00, 1.054208743810000e-65, 7.923101473897010e-01, 0.000000000000000e+00, 0.000000000000000e+00, 1.718191307218843e+05, 0.000000000000000e+00, 6.872765228875368e+04, 3.021806395360802e+02, 0.000000000000000e+00, 2.853216435912473e-02, 1.856216259736395e-05, 2.606428092796890e-03, 0.000000000000000e+00, -1.350259793030421e+00, 2.149239411895177e-01, 0.000000000000000e+00
236, 1.412505704700000e+00, 1.052217775160000e-65, 7.922934304019396e-01, 0.000000000000000e+00, 0.000000000000000e+00, 1.718153347544489e+05, 0.000000000000000e+00, 6.872613390177955e+04, 3.021803392332725e+02, 0.000000000000000e+00, 2.774250506947472e-02, 1.856214843788154e-05, 2.609770603520566e-03, 0.000000000000000e+00, -1.353726270757296e+00, 2.150596026043579e-01, 0.000000000000000e+00
237, 1.418188649090000e+00, 1.050281028220000e-65, 7.922773716380959e-01, 0.000000000000000e+00, 0.000000000000000e+00, 1.718116886134941e+05, 0.000000000000000e+00, 6.872467544539762e+04, 3.021800513794302e+02, 0.000000000000000e+00, 2.698401355830671e-02, 1.856213486536991e-05, 2.612968475272990e-03, 0.000000000000000e+00, -1.357046916179713e+00, 2.151892999775902e-01, 0.000000000000000e+00
238, 1.423715524080000e+00, 1.048397469730000e-65, 7.922619038188549e-01, 0.000000000000000e+00, 0.000000000000000e+00, 1.718081770576526e+05, 0.000000000000000e+00, 6.872327082306104e+04, 3.021797748304683e+02, 0.000000000000000e+00, 2.625351922753173e-02, 1.856212182588541e-05, 2.616044037943427e-03, 0.000000000000000e+00, -1.360244405095113e+00, 2.153139550909576e-01, 0.000000000000000e+00
239, 1.429089385490000e+00, 1.046566058250000e-65, 7.922469627695143e-01, 0.000000000000000e+00, 0.000000000000000e+00, 1.718047855620856e+05, 0.000000000000000e+00, 6.872191422483421e+04, 3.021795085181679e+02, 0.000000000000000e+00, 2.554800053539760e-02, 1.856210926906145e-05, 2.619018667596089e-03, 0.000000000000000e+00, -1.363340546513268e+00, 2.154344482958620e-01, 0.000000000000000e+00
240, 1.434313306710000e+00, 1.044785746380000e-65, 7.922324866018717e-01, 0.000000000000000e+00, 0.000000000000000e+00, 1.718015000288949e+05, 0.000000000000000e+00, 6.872060001155794e+04, 3.021792512529065e+02, 0.000000000000000e+00, 2.486452475493336e-02, 1.856209713880700e-05, 2.621912314391184e-03, 0.000000000000000e+00, -1.366355781974884e+00, 2.155515993294961e-01, 0.000000000000000e+00
241, 1.439390372730000e+00, 1.043055482740000e-65, 7.922184148838717e-01, 0.000000000000000e+00, 0.000000000000000e+00, 1.717983063871110e+05, 0.000000000000000e+00, 6.871932255484437e+04, 3.021790013367998e+02, 0.000000000000000e+00, 2.420016476095409e-02, 1.856208535506603e-05, 2.624742872865135e-03, 0.000000000000000e+00, -1.369308497303572e+00, 2.156661418543753e-01, 0.000000000000000e+00
242, 1.444323674470000e+00, 1.041374213950000e-65, 7.922046876691434e-01, 0.000000000000000e+00, 0.000000000000000e+00, 1.717951901330092e+05, 0.000000000000000e+00, 6.871807605320367e+04, 3.021787561252879e+02, 0.000000000000000e+00, 2.355190340405424e-02, 1.856207379314576e-05, 2.627526656671336e-03, 0.000000000000000e+00, -1.372215529826890e+00, 2.157787434492394e-01, 0.000000000000000e+00
243, 1.449116303430000e+00, 1.039740886440000e-65, 7.921912441891453e-01, 0.000000000000000e+00, 0.000000000000000e+00, 1.717921360836451e+05, 0.000000000000000e+00, 6.871685443345802e+04, 3.021785120924197e+02, 0.000000000000000e+00, 2.291658223955342e-02, 1.856206228679496e-05, 2.630282215902007e-03, 0.000000000000000e+00, -1.375096124257093e+00, 2.158901623500950e-01, 0.000000000000000e+00
244, 1.453771346780000e+00, 1.038154448090000e-65, 7.921780206624912e-01, 0.000000000000000e+00, 0.000000000000000e+00, 1.717891288892148e+05, 0.000000000000000e+00, 6.871565155568591e+04, 3.021782665676737e+02, 0.000000000000000e+00, 2.229100811171498e-02, 1.856205071009632e-05, 2.633039926437446e-03, 0.000000000000000e+00, -1.377981992018437e+00, 2.160016392570401e-01, 0.000000000000000e+00
245, 1.458291882610000e+00, 1.036613849890000e-65, 7.921649450248222e-01, 0.000000000000000e+00, 0.000000000000000e+00, 1.717861547869507e+05, 0.000000000000000e+00, 6.871446191478024e+04, 3.021780228315362e+02, 0.000000000000000e+00, 2.167231800931631e-02, 1.856203921772753e-05, 2.635859987294097e-03, 0.000000000000000e+00, -1.380936241948503e+00, 2.161156304478053e-01, 0.000000000000000e+00
246, 1.462680975660000e+00, 1.035118047380000e-65, 7.921519221647820e-01, 0.000000000000000e+00, 0.000000000000000e+00, 1.717832038908215e+05, 0.000000000000000e+00, 6.871328155632860e+04, 3.021777997756611e+02, 0.000000000000000e+00, 2.105845538250298e-02, 1.856202870044696e-05, 2.638866185542695e-03, 0.000000000000000e+00, -1.384089041760549e+00, 2.162371803396242e-01, 0.000000000000000e+00
247, 1.466941673240000e+00, 1.033666002030000e-65, 7.921388002762841e-01, 0.000000000000000e+00, 0.000000000000000e+00, 1.717802691896310e+05, 0.000000000000000e+00, 6.871210767585237e+04, 3.021776429773057e+02, 0.000000000000000e+00, 2.044796172127860e-02, 1.856202130726443e-05, 2.642310118861470e-03, 0.000000000000000e+00, -1.387705705108689e+00, 2.163765318532230e-01, 0.000000000000000e+00
248, 1.471077001520000e+00, 1.032256682530000e-65, 7.921253301140676e-01, 0.000000000000000e+00, 0.000000000000000e+00, 1.717773339593650e+05, 0.000000000000000e+00, 6.871093358374597e+04, 3.021776181014120e+02, 0.000000000000000e+00, 1.983735799869451e-02, 1.856202013434364e-05, 2.646632252508723e-03, 0.000000000000000e+00, -1.392252236130917e+00, 2.165515999203174e-01, 0.000000000000000e+00
249, 1.475089962020000e+00, 1.030889065950000e-65, 7.921112272944005e-01, 0.000000000000000e+00, 0.000000000000000e+00, 1.717743380831755e+05, 0.000000000000000e+00, 6.870973523327020e+04, 3.021777278876399e+02, 0.000000000000000e+00, 1.921413835734627e-02, 1.856202531086278e-05, 2.652184808554714e-03, 0.000000000000000e+00, -1.398104880507822e+00, 2.167766501230455e-01, 0.000000000000000e+00
250, 1.478983528510000e+00, 1.029562138850000e-65, 7.920966414842738e-01, 0.000000000000000e+00, 0.000000000000000e+00, 1.717711260837741e+05, 0.000000000000000e+00, 6.870845043350960e+04, 3.021776417330672e+02, 0.000000000000000e+00, 1.854595950466658e-02, 1.856202124859746e-05, 2.657460501465076e-03, 0.000000000000000e+00, -1.403672982096948e+00, 2.169901973596215e-01, 0.000000000000000e+00
251, 1.482760644030000e+00, 1.028274898220000e-65, 7.920834001828803e-01, 0.000000000000000e+00, 0.000000000000000e+00, 1.717674192439650e+05, 0.000000000000000e+00, 6.870696769758599e+04, 3.021761721173980e+02, 0.000000000000000e+00, 1.777484106376632e-02, 1.856195195481461e-05, 2.653723058619321e-03, 0.000000000000000e+00, -1.399702827512805e+00, 2.168365536091464e-01, 0.000000000000000e+00
252, 1.486424218260000e+00, 1.027026352460000e-65, 7.920759497948836e-01, 0.000000000000000e+00, 0.000000000000000e+00, 1.717629108509891e+05, 0.000000000000000e+00, 6.870516434039564e+04, 3.021710831164863e+02, 0.000000000000000e+00, 1.683697885724082e-02, 1.856171200228959e-05, 2.615029118193612e-03, 0.000000000000000e+00, -1.358967751371731e+00, 2.152516718023488e-01, 0.000000000000000e+00
253, 1.489977125120000e+00, 1.025815522120000e-65, 7.920770923820754e-01, 0.000000000000000e+00, 0.000000000000000e+00, 1.717576627772473e+05, 0.000000000000000e+00, 6.870306511089890e+04, 3.021614146542836e+02, 0.000000000000000e+00, 1.574524394285228e-02, 1.856125611721705e-05, 2.480839196137461e-03, 0.000000000000000e+00, -1.226038381379460e+00, 2.096614359863179e-01, 0.000000000000000e+00
254, 1.493422200600000e+00, 1.024641440710000e-65, 7.920658958538979e-01, 0.000000000000000e+00, 0.000000000000000e+00, 1.717524811780387e+05, 0.000000000000000e+00, 6.870099247121546e+04, 3.021565702049355e+02, 0.000000000000000e+00, 1.466733744865311e-02, 1.856102769019686e-05, 2.251295202632660e-03, 0.000000000000000e+00, -1.009948053533359e+00, 1.997274451432410e-01, 0.000000000000000e+00
255, 1.496762240750000e+00, 1.023503155330000e-65, 7.920263019222035e-01, 0.000000000000000e+00, 0.000000000000000e+00, 1.717493066110116e+05, 0.000000000000000e+00, 6.869972264440465e+04, 3.021660900616471e+02, 0.000000000000000e+00, 1.400694549687504e-02, 1.856147657182188e-05, 2.111149120464098e-03, 0.000000000000000e+00, -9.003569982233646e-01, 1.934014033643609e-01, 0.000000000000000e+00
256, 1.500000000000000e+00, 1.022399727270000e-65, 7.907096078365815e-01, 0.000000000000000e+00, 0.000000000000000e+00, 1.717329550081331e+05, 0.000000000000000e+00, 6.869318200325323e+04, 3.026404427369793e+02, 0.000000000000000e+00, 1.060538967909725e-02, 1.858383458687528e-05, 7.654862406809683e-03, 0.000000000000000e+00, -2.737782683538147e+01, 3.675231976326208e-01, 0.000000000000000e+00
